Sentence,Emotion
My brother was afraid of failing today.,Fear
My sister was stunned today.,Surprise
The student received good news today.,Joy
The teacher completed a project today.,Joy
My sister felt heartbroken today.,Sadness
The student enjoyed time with family today.,Love
The student lost patience today.,Anger
The employee felt loved today.,Love
The teacher expressed affection today.,Love
The employee found an unexpected opportunity today.,Surprise
I felt nervous about the exam today.,Fear
The employee felt nervous about the exam today.,Fear
My friend had a wonderful day today.,Joy
My brother felt uncertain today.,Fear
The teacher showed kindness today.,Love
My brother enjoyed time with family today.,Love
The employee became very angry today.,Anger
Our team felt frustrated today.,Anger
My sister feared the outcome today.,Fear
Our team felt grateful for loved ones today.,Love
I appreciated the support today.,Love
My friend checked the schedule today.,Neutral
Our team found an unexpected opportunity today.,Surprise
Our team finished the task today.,Neutral
My brother received bad news today.,Sadness
My sister reviewed the information today.,Neutral
My sister feared the outcome today.,Fear
My sister achieved a goal today.,Joy
The teacher valued a friendship today.,Love
Our team reviewed the information today.,Neutral
My brother worried about the future today.,Fear
Our team worried about the interview today.,Fear
My sister was amazed by the result today.,Surprise
The student experienced a surprise today.,Surprise
Our team became very angry today.,Anger
The employee felt anxious today.,Fear
I felt grateful for loved ones today.,Love
My sister hated the situation today.,Anger
The employee missed a loved one today.,Sadness
The teacher received bad news today.,Sadness
Our team cared deeply for someone today.,Love
The teacher was disappointed today.,Sadness
The student had a difficult day today.,Sadness
My brother reviewed the information today.,Neutral
I was scared of the result today.,Fear
The employee experienced a surprise today.,Surprise
My friend could not believe the outcome today.,Surprise
I received an unexpected gift today.,Surprise
My sister was upset by the decision today.,Anger
Our team received an unexpected gift today.,Surprise
The student saw something unbelievable today.,Surprise
The employee received an unexpected gift today.,Surprise
My friend was treated unfairly today.,Anger
Our team felt lonely today.,Sadness
My friend earned an award today.,Joy
My friend achieved a goal today.,Joy
Our team heard shocking news today.,Surprise
My friend felt loved today.,Love
My friend felt loved today.,Love
The employee felt left out today.,Sadness
The student felt lonely today.,Sadness
My sister felt grateful for loved ones today.,Love
I achieved a goal today.,Joy
My brother earned an award today.,Joy
My brother felt nervous about the exam today.,Fear
The employee felt grateful for loved ones today.,Love
The student found an unexpected opportunity today.,Surprise
The teacher finished the task today.,Neutral
Our team felt anxious today.,Fear
My sister was upset by the decision today.,Anger
I passed the exam today.,Joy
My friend felt heartbroken today.,Sadness
Our team appreciated the support today.,Love
The employee felt heartbroken today.,Sadness
My friend received good news today.,Joy
My sister found an unexpected opportunity today.,Surprise
The employee completed the assignment today.,Neutral
The employee felt grateful for loved ones today.,Love
The teacher received bad news today.,Sadness
I lost something important today.,Sadness
My friend feared the outcome today.,Fear
My brother received good news today.,Joy
The employee felt uncertain today.,Fear
My sister enjoyed time with family today.,Love
The teacher reviewed the information today.,Neutral
My sister was disappointed today.,Sadness
The student reviewed the information today.,Neutral
My sister missed a loved one today.,Sadness
I cared deeply for someone today.,Love
My sister attended the meeting today.,Neutral
Our team worried about the interview today.,Fear
I experienced a surprise today.,Surprise
My sister hated the situation today.,Anger
My friend enjoyed time with family today.,Love
My friend was disappointed today.,Sadness
My brother was disappointed today.,Sadness
I updated the document today.,Neutral
The teacher felt grateful for loved ones today.,Love
The student felt anxious today.,Fear
My friend received bad news today.,Sadness
Our team could not believe the outcome today.,Surprise
My sister argued about the issue today.,Anger
I felt anxious today.,Fear
I checked the schedule today.,Neutral
My sister worried about the future today.,Fear
The employee had a difficult day today.,Sadness
Our team feared the outcome today.,Fear
My friend felt anxious today.,Fear
The teacher felt nervous about the exam today.,Fear
The teacher lost something important today.,Sadness
Our team lost patience today.,Anger
The teacher felt left out today.,Sadness
The teacher felt lonely today.,Sadness
My sister became very angry today.,Anger
Our team found an unexpected opportunity today.,Surprise
I felt grateful for loved ones today.,Love
The student received good news today.,Joy
My brother became very angry today.,Anger
My friend showed kindness today.,Love
My friend worried about the interview today.,Fear
The teacher felt loved today.,Love
The employee was amazed by the result today.,Surprise
My sister valued a friendship today.,Love
My friend worried about the future today.,Fear
Our team received bad news today.,Sadness
My brother cared deeply for someone today.,Love
My friend missed a loved one today.,Sadness
The student felt frustrated today.,Anger
The teacher received an unexpected gift today.,Surprise
I completed a project today.,Joy
The employee felt nervous about the exam today.,Fear
The student lost something important today.,Sadness
The teacher lost something important today.,Sadness
My friend received bad news today.,Sadness
I lost patience today.,Anger
My sister hated the situation today.,Anger
Our team felt anxious today.,Fear
My friend received good news today.,Joy
My sister got promoted today.,Joy
My sister was amazed by the result today.,Surprise
Our team felt loved today.,Love
Our team submitted the report today.,Neutral
I felt uncertain today.,Fear
The teacher worried about the future today.,Fear
Our team felt loved today.,Love
My sister saw something unbelievable today.,Surprise
My sister felt anxious today.,Fear
Our team worried about the future today.,Fear
My friend felt left out today.,Sadness
The teacher won a competition today.,Joy
The teacher was disappointed today.,Sadness
Our team completed a project today.,Joy
The student received bad news today.,Sadness
The student became very angry today.,Anger
Our team lost patience today.,Anger
Our team lost something important today.,Sadness
The teacher lost patience today.,Anger
My sister worried about the interview today.,Fear
Our team argued about the issue today.,Anger
Our team had a wonderful day today.,Joy
My friend hated the situation today.,Anger
My sister received bad news today.,Sadness
The student was upset by the decision today.,Anger
My sister was treated unfairly today.,Anger
My sister was scared of the result today.,Fear
Our team enjoyed time with family today.,Love
My sister could not believe the outcome today.,Surprise
I appreciated the support today.,Love
The employee was upset by the decision today.,Anger
The employee became very angry today.,Anger
My friend expressed affection today.,Love
Our team valued a friendship today.,Love
My sister enjoyed time with family today.,Love
The student was treated unfairly today.,Anger
My friend heard shocking news today.,Surprise
The teacher could not believe the outcome today.,Surprise
My brother expressed affection today.,Love
My brother received bad news today.,Sadness
My brother expressed affection today.,Love
I valued a friendship today.,Love
The employee reviewed the information today.,Neutral
The student expressed affection today.,Love
My friend felt anxious today.,Fear
My friend won a competition today.,Joy
The student found an unexpected opportunity today.,Surprise
My friend checked the schedule today.,Neutral
The teacher was amazed by the result today.,Surprise
The teacher felt loved today.,Love
My friend argued about the issue today.,Anger
My brother finished the task today.,Neutral
The employee worried about the interview today.,Fear
My brother completed the assignment today.,Neutral
Our team worried about the interview today.,Fear
The employee heard shocking news today.,Surprise
I earned an award today.,Joy
The employee was upset by the decision today.,Anger
My friend earned an award today.,Joy
The employee argued about the issue today.,Anger
My sister became very angry today.,Anger
My brother worried about the future today.,Fear
My brother worried about the interview today.,Fear
The employee heard shocking news today.,Surprise
I became very angry today.,Anger
I earned an award today.,Joy
The teacher enjoyed time with family today.,Love
I experienced a surprise today.,Surprise
My friend went to college today.,Neutral
The student worried about the future today.,Fear
The teacher experienced a surprise today.,Surprise
The student received good news today.,Joy
Our team saw something unbelievable today.,Surprise
I hated the situation today.,Anger
My brother had a wonderful day today.,Joy
I felt uncertain today.,Fear
My friend completed the assignment today.,Neutral
The student updated the document today.,Neutral
The student finished the task today.,Neutral
The employee became very angry today.,Anger
The employee was stunned today.,Surprise
My brother saw something unbelievable today.,Surprise
My friend heard shocking news today.,Surprise
My sister showed kindness today.,Love
The teacher completed the assignment today.,Neutral
I felt loved today.,Love
My brother achieved a goal today.,Joy
Our team cared deeply for someone today.,Love
The student had a wonderful day today.,Joy
My friend felt frustrated today.,Anger
I completed the assignment today.,Neutral
I experienced a surprise today.,Surprise
I valued a friendship today.,Love
The student got annoyed today.,Anger
I expressed affection today.,Love
The student received bad news today.,Sadness
The employee was stunned today.,Surprise
My brother finished the task today.,Neutral
Our team lost patience today.,Anger
My brother argued about the issue today.,Anger
The teacher felt left out today.,Sadness
The teacher cared deeply for someone today.,Love
My sister got promoted today.,Joy
Our team appreciated the support today.,Love
My sister checked the schedule today.,Neutral
The teacher felt frustrated today.,Anger
My brother was disappointed today.,Sadness
My sister had a wonderful day today.,Joy
The employee updated the document today.,Neutral
Our team felt left out today.,Sadness
Our team earned an award today.,Joy
The employee lost something important today.,Sadness
Our team was disappointed today.,Sadness
Our team was scared of the result today.,Fear
Our team won a competition today.,Joy
The employee felt heartbroken today.,Sadness
My friend completed the assignment today.,Neutral
My sister found an unexpected opportunity today.,Surprise
Our team was afraid of failing today.,Fear
My brother felt left out today.,Sadness
My sister completed a project today.,Joy
The student completed a project today.,Joy
My friend felt grateful for loved ones today.,Love
My brother felt grateful for loved ones today.,Love
The student found an unexpected opportunity today.,Surprise
Our team felt left out today.,Sadness
The employee lost patience today.,Anger
The teacher was upset by the decision today.,Anger
The student expressed affection today.,Love
Our team worried about the future today.,Fear
Our team lost patience today.,Anger
I attended the meeting today.,Neutral
My brother feared the outcome today.,Fear
I was treated unfairly today.,Anger
My friend was amazed by the result today.,Surprise
Our team was afraid of failing today.,Fear
The student felt left out today.,Sadness
Our team worried about the future today.,Fear
I argued about the issue today.,Anger
My friend hated the situation today.,Anger
My friend updated the document today.,Neutral
My friend felt grateful for loved ones today.,Love
Our team found an unexpected opportunity today.,Surprise
The employee submitted the report today.,Neutral
My brother earned an award today.,Joy
My brother was disappointed today.,Sadness
My brother was amazed by the result today.,Surprise
The student received good news today.,Joy
The employee received an unexpected gift today.,Surprise
My brother felt grateful for loved ones today.,Love
The student felt uncertain today.,Fear
The employee missed a loved one today.,Sadness
My sister had a wonderful day today.,Joy
I experienced a surprise today.,Surprise
The teacher felt loved today.,Love
My friend had a wonderful day today.,Joy
The employee saw something unbelievable today.,Surprise
I worried about the interview today.,Fear
The teacher was amazed by the result today.,Surprise
My sister felt nervous about the exam today.,Fear
My sister had a wonderful day today.,Joy
The employee became very angry today.,Anger
My brother found an unexpected opportunity today.,Surprise
Our team reviewed the information today.,Neutral
My sister got promoted today.,Joy
The employee reviewed the information today.,Neutral
The student got annoyed today.,Anger
I hated the situation today.,Anger
The teacher felt loved today.,Love
The teacher attended the meeting today.,Neutral
Our team feared the outcome today.,Fear
Our team received bad news today.,Sadness
My friend completed the assignment today.,Neutral
Our team was upset by the decision today.,Anger
I got promoted today.,Joy
Our team received good news today.,Joy
My friend argued about the issue today.,Anger
The student felt grateful for loved ones today.,Love
My brother went to college today.,Neutral
My sister received an unexpected gift today.,Surprise
My brother completed a project today.,Joy
My brother attended the meeting today.,Neutral
My friend had a wonderful day today.,Joy
My brother was treated unfairly today.,Anger
I became very angry today.,Anger
My friend expressed affection today.,Love
My friend heard shocking news today.,Surprise
The employee became very angry today.,Anger
The employee lost patience today.,Anger
The teacher experienced a surprise today.,Surprise
The teacher lost something important today.,Sadness
My friend updated the document today.,Neutral
I was afraid of failing today.,Fear
My brother felt left out today.,Sadness
Our team attended the meeting today.,Neutral
I reviewed the information today.,Neutral
My sister hated the situation today.,Anger
The student found an unexpected opportunity today.,Surprise
The student felt lonely today.,Sadness
My friend was afraid of failing today.,Fear
I finished the task today.,Neutral
My brother updated the document today.,Neutral
My brother experienced a surprise today.,Surprise
The teacher passed the exam today.,Joy
I felt loved today.,Love
The teacher felt uncertain today.,Fear
The employee felt frustrated today.,Anger
My friend found an unexpected opportunity today.,Surprise
I got promoted today.,Joy
Our team checked the schedule today.,Neutral
My friend went to college today.,Neutral
I completed a project today.,Joy
Our team submitted the report today.,Neutral
Our team finished the task today.,Neutral
I hated the situation today.,Anger
My brother lost patience today.,Anger
My brother felt left out today.,Sadness
Our team experienced a surprise today.,Surprise
My sister was amazed by the result today.,Surprise
My sister passed the exam today.,Joy
My sister was amazed by the result today.,Surprise
Our team checked the schedule today.,Neutral
Our team found an unexpected opportunity today.,Surprise
The employee updated the document today.,Neutral
My friend expressed affection today.,Love
The teacher went to college today.,Neutral
Our team had a difficult day today.,Sadness
The student expressed affection today.,Love
The student missed a loved one today.,Sadness
My brother got annoyed today.,Anger
My friend appreciated the support today.,Love
My brother missed a loved one today.,Sadness
My friend felt heartbroken today.,Sadness
The teacher felt loved today.,Love
I cared deeply for someone today.,Love
I won a competition today.,Joy
My sister was afraid of failing today.,Fear
My brother felt heartbroken today.,Sadness
My brother got annoyed today.,Anger
The employee missed a loved one today.,Sadness
Our team completed a project today.,Joy
The employee got annoyed today.,Anger
My sister reviewed the information today.,Neutral
My friend finished the task today.,Neutral
The student was disappointed today.,Sadness
Our team missed a loved one today.,Sadness
I feared the outcome today.,Fear
The teacher got annoyed today.,Anger
The teacher reviewed the information today.,Neutral
I got promoted today.,Joy
Our team enjoyed time with family today.,Love
The teacher was disappointed today.,Sadness
The student went to college today.,Neutral
The teacher was afraid of failing today.,Fear
I updated the document today.,Neutral
The teacher felt loved today.,Love
I passed the exam today.,Joy
Our team earned an award today.,Joy
The student received good news today.,Joy
The student attended the meeting today.,Neutral
Our team lost patience today.,Anger
My sister hated the situation today.,Anger
My brother missed a loved one today.,Sadness
Our team had a wonderful day today.,Joy
My brother won a competition today.,Joy
Our team went to college today.,Neutral
The teacher saw something unbelievable today.,Surprise
I attended the meeting today.,Neutral
The employee expressed affection today.,Love
Our team reviewed the information today.,Neutral
The employee got annoyed today.,Anger
My sister saw something unbelievable today.,Surprise
My brother heard shocking news today.,Surprise
Our team was amazed by the result today.,Surprise
My friend felt anxious today.,Fear
My brother completed the assignment today.,Neutral
My friend submitted the report today.,Neutral
My brother missed a loved one today.,Sadness
My brother felt grateful for loved ones today.,Love
The teacher enjoyed time with family today.,Love
The student could not believe the outcome today.,Surprise
My sister got promoted today.,Joy
The teacher felt lonely today.,Sadness
The teacher felt uncertain today.,Fear
The employee got promoted today.,Joy
The teacher saw something unbelievable today.,Surprise
I submitted the report today.,Neutral
The student feared the outcome today.,Fear
I was afraid of failing today.,Fear
I felt grateful for loved ones today.,Love
The student went to college today.,Neutral
My friend submitted the report today.,Neutral
My friend felt frustrated today.,Anger
The student felt heartbroken today.,Sadness
My friend lost patience today.,Anger
My sister got annoyed today.,Anger
My friend feared the outcome today.,Fear
The employee hated the situation today.,Anger
The student passed the exam today.,Joy
I could not believe the outcome today.,Surprise
My brother reviewed the information today.,Neutral
My sister was disappointed today.,Sadness
My brother was stunned today.,Surprise
My sister argued about the issue today.,Anger
The student felt lonely today.,Sadness
The employee lost something important today.,Sadness
The employee experienced a surprise today.,Surprise
I cared deeply for someone today.,Love
My friend found an unexpected opportunity today.,Surprise
The teacher felt grateful for loved ones today.,Love
The teacher felt grateful for loved ones today.,Love
The student was afraid of failing today.,Fear
I argued about the issue today.,Anger
I worried about the interview today.,Fear
Our team was disappointed today.,Sadness
My friend was afraid of failing today.,Fear
The student felt anxious today.,Fear
My sister felt grateful for loved ones today.,Love
The employee completed a project today.,Joy
I hated the situation today.,Anger
I valued a friendship today.,Love
My friend won a competition today.,Joy
The student saw something unbelievable today.,Surprise
The student was amazed by the result today.,Surprise
The employee received an unexpected gift today.,Surprise
The student hated the situation today.,Anger
The employee was scared of the result today.,Fear
My friend felt left out today.,Sadness
The employee lost something important today.,Sadness
The student felt heartbroken today.,Sadness
The employee worried about the interview today.,Fear
The employee experienced a surprise today.,Surprise
I was scared of the result today.,Fear
The teacher worried about the future today.,Fear
My friend heard shocking news today.,Surprise
Our team completed a project today.,Joy
My friend was disappointed today.,Sadness
I received an unexpected gift today.,Surprise
Our team attended the meeting today.,Neutral
The teacher felt left out today.,Sadness
The employee felt anxious today.,Fear
I won a competition today.,Joy
My sister received bad news today.,Sadness
I was upset by the decision today.,Anger
The student had a wonderful day today.,Joy
I received bad news today.,Sadness
Our team enjoyed time with family today.,Love
I attended the meeting today.,Neutral
My brother lost something important today.,Sadness
My brother lost something important today.,Sadness
Our team saw something unbelievable today.,Surprise
My brother felt loved today.,Love
The teacher received an unexpected gift today.,Surprise
The employee felt left out today.,Sadness
The teacher was amazed by the result today.,Surprise
I lost something important today.,Sadness
Our team completed the assignment today.,Neutral
My friend received good news today.,Joy
Our team was stunned today.,Surprise
The student won a competition today.,Joy
The employee felt heartbroken today.,Sadness
My sister finished the task today.,Neutral
I completed a project today.,Joy
The student submitted the report today.,Neutral
The student received good news today.,Joy
The teacher felt uncertain today.,Fear
My brother felt grateful for loved ones today.,Love
My friend lost patience today.,Anger
Our team updated the document today.,Neutral
My sister passed the exam today.,Joy
The employee appreciated the support today.,Love
The teacher checked the schedule today.,Neutral
My friend attended the meeting today.,Neutral
The student valued a friendship today.,Love
My friend became very angry today.,Anger
Our team felt loved today.,Love
My brother hated the situation today.,Anger
The employee appreciated the support today.,Love
The employee submitted the report today.,Neutral
My friend lost patience today.,Anger
The employee experienced a surprise today.,Surprise
My sister updated the document today.,Neutral
The teacher achieved a goal today.,Joy
The employee got annoyed today.,Anger
I was stunned today.,Surprise
My sister felt uncertain today.,Fear
The teacher missed a loved one today.,Sadness
My brother experienced a surprise today.,Surprise
My sister received bad news today.,Sadness
The employee argued about the issue today.,Anger
The student was disappointed today.,Sadness
I felt nervous about the exam today.,Fear
My brother cared deeply for someone today.,Love
The teacher lost something important today.,Sadness
My brother completed a project today.,Joy
Our team could not believe the outcome today.,Surprise
My friend won a competition today.,Joy
My sister lost something important today.,Sadness
My sister attended the meeting today.,Neutral
My sister felt nervous about the exam today.,Fear
My brother could not believe the outcome today.,Surprise
The employee was upset by the decision today.,Anger
The teacher won a competition today.,Joy
Our team was disappointed today.,Sadness
Our team appreciated the support today.,Love
My sister received an unexpected gift today.,Surprise
My sister was amazed by the result today.,Surprise
My sister found an unexpected opportunity today.,Surprise
The teacher felt heartbroken today.,Sadness
The employee was scared of the result today.,Fear
My friend reviewed the information today.,Neutral
My brother worried about the future today.,Fear
Our team attended the meeting today.,Neutral
My friend achieved a goal today.,Joy
The teacher was treated unfairly today.,Anger
The employee reviewed the information today.,Neutral
The employee lost something important today.,Sadness
My brother got promoted today.,Joy
My friend got promoted today.,Joy
My brother felt loved today.,Love
My brother felt heartbroken today.,Sadness
I received good news today.,Joy
My friend received good news today.,Joy
The employee updated the document today.,Neutral
The teacher argued about the issue today.,Anger
I passed the exam today.,Joy
The teacher worried about the interview today.,Fear
My sister cared deeply for someone today.,Love
My friend hated the situation today.,Anger
The teacher expressed affection today.,Love
The student felt grateful for loved ones today.,Love
Our team earned an award today.,Joy
The employee finished the task today.,Neutral
The employee missed a loved one today.,Sadness
Our team was amazed by the result today.,Surprise
My friend completed a project today.,Joy
The teacher got annoyed today.,Anger
Our team was amazed by the result today.,Surprise
My friend felt grateful for loved ones today.,Love
My friend lost patience today.,Anger
My sister received good news today.,Joy
I feared the outcome today.,Fear
I showed kindness today.,Love
My brother was afraid of failing today.,Fear
The teacher could not believe the outcome today.,Surprise
My brother felt frustrated today.,Anger
Our team felt nervous about the exam today.,Fear
I went to college today.,Neutral
My brother achieved a goal today.,Joy
The employee found an unexpected opportunity today.,Surprise
The employee finished the task today.,Neutral
The student appreciated the support today.,Love
My sister showed kindness today.,Love
My brother worried about the future today.,Fear
The teacher missed a loved one today.,Sadness
The employee showed kindness today.,Love
My friend valued a friendship today.,Love
The employee passed the exam today.,Joy
My brother argued about the issue today.,Anger
I worried about the future today.,Fear
My sister felt grateful for loved ones today.,Love
The employee experienced a surprise today.,Surprise
I won a competition today.,Joy
My sister lost something important today.,Sadness
I attended the meeting today.,Neutral
My sister was amazed by the result today.,Surprise
I lost patience today.,Anger
My friend updated the document today.,Neutral
My friend felt uncertain today.,Fear
I was treated unfairly today.,Anger
The student checked the schedule today.,Neutral
Our team missed a loved one today.,Sadness
The teacher was treated unfairly today.,Anger
I worried about the future today.,Fear
The student received bad news today.,Sadness
The employee completed a project today.,Joy
Our team felt loved today.,Love
The student felt heartbroken today.,Sadness
I felt lonely today.,Sadness
Our team argued about the issue today.,Anger
My brother expressed affection today.,Love
The teacher checked the schedule today.,Neutral
My sister had a difficult day today.,Sadness
Our team reviewed the information today.,Neutral
My brother felt heartbroken today.,Sadness
The teacher expressed affection today.,Love
My friend felt lonely today.,Sadness
My brother got annoyed today.,Anger
The employee felt anxious today.,Fear
My brother was upset by the decision today.,Anger
My brother felt uncertain today.,Fear
I earned an award today.,Joy
The teacher experienced a surprise today.,Surprise
The employee felt anxious today.,Fear
The employee received good news today.,Joy
My friend was treated unfairly today.,Anger
The student won a competition today.,Joy
The employee found an unexpected opportunity today.,Surprise
My friend became very angry today.,Anger
My friend had a wonderful day today.,Joy
My friend could not believe the outcome today.,Surprise
My sister worried about the interview today.,Fear
The student saw something unbelievable today.,Surprise
The teacher found an unexpected opportunity today.,Surprise
My friend felt left out today.,Sadness
The teacher passed the exam today.,Joy
Our team updated the document today.,Neutral
The employee updated the document today.,Neutral
My friend achieved a goal today.,Joy
I felt loved today.,Love
I went to college today.,Neutral
My brother argued about the issue today.,Anger
My sister received good news today.,Joy
My friend found an unexpected opportunity today.,Surprise
My friend achieved a goal today.,Joy
Our team worried about the interview today.,Fear
I was stunned today.,Surprise
My friend feared the outcome today.,Fear
The teacher argued about the issue today.,Anger
The employee got annoyed today.,Anger
My brother worried about the future today.,Fear
The employee felt nervous about the exam today.,Fear
The teacher felt uncertain today.,Fear
The teacher was treated unfairly today.,Anger
Our team finished the task today.,Neutral
The student achieved a goal today.,Joy
My brother lost something important today.,Sadness
The teacher enjoyed time with family today.,Love
The teacher lost patience today.,Anger
The student was amazed by the result today.,Surprise
My friend felt nervous about the exam today.,Fear
Our team was disappointed today.,Sadness
My sister found an unexpected opportunity today.,Surprise
I lost something important today.,Sadness
My brother updated the document today.,Neutral
The student was afraid of failing today.,Fear
My friend was disappointed today.,Sadness
The teacher feared the outcome today.,Fear
The teacher attended the meeting today.,Neutral
My friend was upset by the decision today.,Anger
Our team became very angry today.,Anger
Our team lost something important today.,Sadness
My friend had a wonderful day today.,Joy
The teacher lost patience today.,Anger
The student was amazed by the result today.,Surprise
The student showed kindness today.,Love
The student felt grateful for loved ones today.,Love
I was afraid of failing today.,Fear
I felt left out today.,Sadness
The student attended the meeting today.,Neutral
My brother appreciated the support today.,Love
My friend showed kindness today.,Love
The teacher completed a project today.,Joy
My brother cared deeply for someone today.,Love
Our team checked the schedule today.,Neutral
My friend was treated unfairly today.,Anger
My brother saw something unbelievable today.,Surprise
My brother felt nervous about the exam today.,Fear
My brother became very angry today.,Anger
The employee worried about the interview today.,Fear
My friend saw something unbelievable today.,Surprise
Our team felt nervous about the exam today.,Fear
My friend felt left out today.,Sadness
The student was upset by the decision today.,Anger
The teacher felt nervous about the exam today.,Fear
My brother argued about the issue today.,Anger
My sister lost patience today.,Anger
My brother updated the document today.,Neutral
My friend won a competition today.,Joy
My brother valued a friendship today.,Love
The teacher received good news today.,Joy
My brother felt frustrated today.,Anger
Our team appreciated the support today.,Love
I felt frustrated today.,Anger
The student saw something unbelievable today.,Surprise
My friend felt lonely today.,Sadness
My sister appreciated the support today.,Love
My sister was amazed by the result today.,Surprise
The employee enjoyed time with family today.,Love
My brother was disappointed today.,Sadness
The teacher reviewed the information today.,Neutral
Our team became very angry today.,Anger
Our team updated the document today.,Neutral
My sister saw something unbelievable today.,Surprise
The student felt uncertain today.,Fear
The teacher received an unexpected gift today.,Surprise
The teacher received good news today.,Joy
My sister saw something unbelievable today.,Surprise
Our team missed a loved one today.,Sadness
My brother feared the outcome today.,Fear
My friend worried about the future today.,Fear
Our team heard shocking news today.,Surprise
My sister was amazed by the result today.,Surprise
Our team missed a loved one today.,Sadness
The teacher got annoyed today.,Anger
Our team completed a project today.,Joy
The student felt grateful for loved ones today.,Love
My friend felt frustrated today.,Anger
The employee attended the meeting today.,Neutral
My sister was disappointed today.,Sadness
The teacher found an unexpected opportunity today.,Surprise
The employee showed kindness today.,Love
My brother checked the schedule today.,Neutral
The student argued about the issue today.,Anger
My friend saw something unbelievable today.,Surprise
The employee finished the task today.,Neutral
The employee feared the outcome today.,Fear
My friend felt lonely today.,Sadness
The teacher felt anxious today.,Fear
My brother worried about the interview today.,Fear
I appreciated the support today.,Love
My friend argued about the issue today.,Anger
Our team cared deeply for someone today.,Love
The student was scared of the result today.,Fear
My sister expressed affection today.,Love
The teacher was amazed by the result today.,Surprise
Our team saw something unbelievable today.,Surprise
The teacher won a competition today.,Joy
Our team achieved a goal today.,Joy
The student could not believe the outcome today.,Surprise
I felt nervous about the exam today.,Fear
I had a difficult day today.,Sadness
Our team expressed affection today.,Love
My sister hated the situation today.,Anger
The teacher was upset by the decision today.,Anger
Our team submitted the report today.,Neutral
My sister was amazed by the result today.,Surprise
Our team finished the task today.,Neutral
I found an unexpected opportunity today.,Surprise
The student had a difficult day today.,Sadness
My brother finished the task today.,Neutral
My friend received good news today.,Joy
Our team got promoted today.,Joy
My brother received bad news today.,Sadness
The employee checked the schedule today.,Neutral
My sister passed the exam today.,Joy
My friend was afraid of failing today.,Fear
My friend worried about the interview today.,Fear
The teacher expressed affection today.,Love
My brother saw something unbelievable today.,Surprise
The employee completed the assignment today.,Neutral
Our team felt loved today.,Love
The employee cared deeply for someone today.,Love
Our team valued a friendship today.,Love
I had a wonderful day today.,Joy
The teacher updated the document today.,Neutral
My friend heard shocking news today.,Surprise
I checked the schedule today.,Neutral
The student received bad news today.,Sadness
My brother reviewed the information today.,Neutral
The student had a wonderful day today.,Joy
I hated the situation today.,Anger
My friend won a competition today.,Joy
I attended the meeting today.,Neutral
The student found an unexpected opportunity today.,Surprise
My friend could not believe the outcome today.,Surprise
I worried about the future today.,Fear
My sister heard shocking news today.,Surprise
My friend got promoted today.,Joy
The teacher could not believe the outcome today.,Surprise
My sister got annoyed today.,Anger
The teacher cared deeply for someone today.,Love
Our team had a difficult day today.,Sadness
My friend felt anxious today.,Fear
My sister lost something important today.,Sadness
Our team updated the document today.,Neutral
My brother got annoyed today.,Anger
My sister cared deeply for someone today.,Love
The student felt frustrated today.,Anger
The employee showed kindness today.,Love
The student submitted the report today.,Neutral
My friend had a wonderful day today.,Joy
Our team showed kindness today.,Love
The employee missed a loved one today.,Sadness
Our team achieved a goal today.,Joy
The teacher passed the exam today.,Joy
The employee felt uncertain today.,Fear
Our team felt nervous about the exam today.,Fear
Our team reviewed the information today.,Neutral
The student experienced a surprise today.,Surprise
My sister updated the document today.,Neutral
My friend saw something unbelievable today.,Surprise
Our team attended the meeting today.,Neutral
My brother got annoyed today.,Anger
The teacher attended the meeting today.,Neutral
I submitted the report today.,Neutral
The student valued a friendship today.,Love
The student showed kindness today.,Love
The teacher submitted the report today.,Neutral
The student felt left out today.,Sadness
My sister lost something important today.,Sadness
My sister felt lonely today.,Sadness
My friend felt loved today.,Love
I was stunned today.,Surprise
Our team felt loved today.,Love
My sister received bad news today.,Sadness
Our team received bad news today.,Sadness
The student expressed affection today.,Love
My sister lost something important today.,Sadness
The employee achieved a goal today.,Joy
I felt left out today.,Sadness
My brother was afraid of failing today.,Fear
I achieved a goal today.,Joy
My brother received an unexpected gift today.,Surprise
My sister argued about the issue today.,Anger
The teacher received an unexpected gift today.,Surprise
The employee attended the meeting today.,Neutral
The student earned an award today.,Joy
The student completed a project today.,Joy
My friend could not believe the outcome today.,Surprise
My friend heard shocking news today.,Surprise
The student attended the meeting today.,Neutral
My friend checked the schedule today.,Neutral
My sister attended the meeting today.,Neutral
My brother reviewed the information today.,Neutral
Our team got promoted today.,Joy
My friend found an unexpected opportunity today.,Surprise
Our team had a difficult day today.,Sadness
My friend worried about the interview today.,Fear
Our team got promoted today.,Joy
My brother cared deeply for someone today.,Love
The employee was treated unfairly today.,Anger
The employee had a wonderful day today.,Joy
I argued about the issue today.,Anger
My brother felt loved today.,Love
The employee felt lonely today.,Sadness
The student found an unexpected opportunity today.,Surprise
The teacher expressed affection today.,Love
Our team appreciated the support today.,Love
My brother valued a friendship today.,Love
The student checked the schedule today.,Neutral
The employee completed a project today.,Joy
My sister felt heartbroken today.,Sadness
The teacher received an unexpected gift today.,Surprise
My brother was disappointed today.,Sadness
The teacher had a wonderful day today.,Joy
The teacher got annoyed today.,Anger
My brother got promoted today.,Joy
I lost something important today.,Sadness
The student won a competition today.,Joy
Our team received an unexpected gift today.,Surprise
Our team felt heartbroken today.,Sadness
My friend enjoyed time with family today.,Love
I was disappointed today.,Sadness
Our team felt lonely today.,Sadness
My friend cared deeply for someone today.,Love
The employee won a competition today.,Joy
My brother expressed affection today.,Love
My sister passed the exam today.,Joy
I hated the situation today.,Anger
I could not believe the outcome today.,Surprise
The teacher heard shocking news today.,Surprise
I was stunned today.,Surprise
My friend attended the meeting today.,Neutral
I reviewed the information today.,Neutral
My friend felt grateful for loved ones today.,Love
The teacher was stunned today.,Surprise
Our team completed a project today.,Joy
I was disappointed today.,Sadness
The teacher felt anxious today.,Fear
My sister missed a loved one today.,Sadness
I got promoted today.,Joy
The teacher was treated unfairly today.,Anger
The student earned an award today.,Joy
My sister felt loved today.,Love
My friend lost something important today.,Sadness
The student felt frustrated today.,Anger
The teacher got promoted today.,Joy
My brother worried about the future today.,Fear
Our team lost something important today.,Sadness
My brother checked the schedule today.,Neutral
The teacher was scared of the result today.,Fear
My brother completed the assignment today.,Neutral
My sister could not believe the outcome today.,Surprise
My brother found an unexpected opportunity today.,Surprise
The teacher reviewed the information today.,Neutral
My sister experienced a surprise today.,Surprise
My friend updated the document today.,Neutral
My friend went to college today.,Neutral
I received good news today.,Joy
My sister had a difficult day today.,Sadness
My brother expressed affection today.,Love
Our team felt loved today.,Love
The employee earned an award today.,Joy
My brother was afraid of failing today.,Fear
The teacher felt heartbroken today.,Sadness
I became very angry today.,Anger
The student was scared of the result today.,Fear
The teacher got annoyed today.,Anger
My brother had a wonderful day today.,Joy
My sister passed the exam today.,Joy
Our team attended the meeting today.,Neutral
The teacher felt heartbroken today.,Sadness
My sister saw something unbelievable today.,Surprise
I lost something important today.,Sadness
My friend hated the situation today.,Anger
The employee received good news today.,Joy
I felt heartbroken today.,Sadness
My friend was disappointed today.,Sadness
The student showed kindness today.,Love
My brother got annoyed today.,Anger
My brother worried about the future today.,Fear
My brother got promoted today.,Joy
The teacher received good news today.,Joy
My sister felt left out today.,Sadness
My friend could not believe the outcome today.,Surprise
I attended the meeting today.,Neutral
My sister felt lonely today.,Sadness
The student heard shocking news today.,Surprise
The student worried about the interview today.,Fear
The teacher argued about the issue today.,Anger
The employee received bad news today.,Sadness
The teacher lost patience today.,Anger
Our team appreciated the support today.,Love
My brother lost patience today.,Anger
I got annoyed today.,Anger
I felt left out today.,Sadness
The student feared the outcome today.,Fear
My friend was amazed by the result today.,Surprise
My sister missed a loved one today.,Sadness
The teacher had a difficult day today.,Sadness
The teacher was upset by the decision today.,Anger
The student had a wonderful day today.,Joy
I was amazed by the result today.,Surprise
My friend heard shocking news today.,Surprise
I won a competition today.,Joy
Our team was amazed by the result today.,Surprise
The employee finished the task today.,Neutral
The teacher felt uncertain today.,Fear
I missed a loved one today.,Sadness
The student valued a friendship today.,Love
I could not believe the outcome today.,Surprise
My brother felt uncertain today.,Fear
The teacher reviewed the information today.,Neutral
The teacher expressed affection today.,Love
I was scared of the result today.,Fear
My friend was treated unfairly today.,Anger
The teacher was treated unfairly today.,Anger
My friend received an unexpected gift today.,Surprise
The employee went to college today.,Neutral
The employee got annoyed today.,Anger
The student submitted the report today.,Neutral
My friend felt grateful for loved ones today.,Love
My sister was amazed by the result today.,Surprise
I showed kindness today.,Love
The teacher saw something unbelievable today.,Surprise
My friend saw something unbelievable today.,Surprise
The employee lost something important today.,Sadness
I felt frustrated today.,Anger
The employee expressed affection today.,Love
Our team showed kindness today.,Love
I received an unexpected gift today.,Surprise
The teacher worried about the interview today.,Fear
Our team received an unexpected gift today.,Surprise
My brother felt lonely today.,Sadness
My sister felt grateful for loved ones today.,Love
The employee missed a loved one today.,Sadness
The employee valued a friendship today.,Love
My friend became very angry today.,Anger
The teacher expressed affection today.,Love
My brother completed a project today.,Joy
My friend attended the meeting today.,Neutral
My brother worried about the interview today.,Fear
My sister reviewed the information today.,Neutral
The student felt left out today.,Sadness
My friend felt loved today.,Love
My brother attended the meeting today.,Neutral
The teacher felt loved today.,Love
My sister finished the task today.,Neutral
My friend was scared of the result today.,Fear
The student feared the outcome today.,Fear
My brother received bad news today.,Sadness
I felt nervous about the exam today.,Fear
Our team received an unexpected gift today.,Surprise
The employee finished the task today.,Neutral
Our team finished the task today.,Neutral
My friend felt frustrated today.,Anger
The student was upset by the decision today.,Anger
My brother could not believe the outcome today.,Surprise
The employee argued about the issue today.,Anger
Our team enjoyed time with family today.,Love
Our team could not believe the outcome today.,Surprise
My friend was afraid of failing today.,Fear
My brother worried about the future today.,Fear
I was stunned today.,Surprise
The employee was stunned today.,Surprise
The teacher got promoted today.,Joy
The student reviewed the information today.,Neutral
My brother lost something important today.,Sadness
My brother experienced a surprise today.,Surprise
The student appreciated the support today.,Love
The student got promoted today.,Joy
The employee feared the outcome today.,Fear
Our team lost something important today.,Sadness
My sister updated the document today.,Neutral
My friend appreciated the support today.,Love
My sister was afraid of failing today.,Fear
My friend completed a project today.,Joy
My friend valued a friendship today.,Love
My brother was treated unfairly today.,Anger
The teacher was treated unfairly today.,Anger
I finished the task today.,Neutral
The employee reviewed the information today.,Neutral
The teacher heard shocking news today.,Surprise
I felt uncertain today.,Fear
My brother completed the assignment today.,Neutral
The employee finished the task today.,Neutral
Our team was afraid of failing today.,Fear
My sister finished the task today.,Neutral
The student completed a project today.,Joy
My brother feared the outcome today.,Fear
My friend got annoyed today.,Anger
My sister showed kindness today.,Love
I got annoyed today.,Anger
Our team could not believe the outcome today.,Surprise
My sister passed the exam today.,Joy
My friend felt grateful for loved ones today.,Love
The employee became very angry today.,Anger
My brother was treated unfairly today.,Anger
Our team won a competition today.,Joy
My sister could not believe the outcome today.,Surprise
The student showed kindness today.,Love
The employee expressed affection today.,Love
The student was stunned today.,Surprise
The employee was scared of the result today.,Fear
My brother got annoyed today.,Anger
The teacher became very angry today.,Anger
My brother cared deeply for someone today.,Love
My friend updated the document today.,Neutral
My sister got promoted today.,Joy
I saw something unbelievable today.,Surprise
The student felt uncertain today.,Fear
My friend felt anxious today.,Fear
My friend felt uncertain today.,Fear
My friend experienced a surprise today.,Surprise
My friend lost something important today.,Sadness
My brother updated the document today.,Neutral
My sister received good news today.,Joy
Our team heard shocking news today.,Surprise
The student had a wonderful day today.,Joy
I felt anxious today.,Fear
The student was afraid of failing today.,Fear
The employee received bad news today.,Sadness
I submitted the report today.,Neutral
The teacher hated the situation today.,Anger
My brother valued a friendship today.,Love
My sister received good news today.,Joy
Our team feared the outcome today.,Fear
My brother received an unexpected gift today.,Surprise
My sister experienced a surprise today.,Surprise
The employee updated the document today.,Neutral
I heard shocking news today.,Surprise
My friend had a wonderful day today.,Joy
My brother completed a project today.,Joy
I had a difficult day today.,Sadness
My friend saw something unbelievable today.,Surprise
The employee cared deeply for someone today.,Love
The employee felt uncertain today.,Fear
Our team lost something important today.,Sadness
The teacher lost patience today.,Anger
My sister got promoted today.,Joy
My brother cared deeply for someone today.,Love
The teacher passed the exam today.,Joy
The teacher was afraid of failing today.,Fear
The teacher submitted the report today.,Neutral
My sister submitted the report today.,Neutral
My sister became very angry today.,Anger
My brother worried about the interview today.,Fear
The teacher felt lonely today.,Sadness
The teacher was stunned today.,Surprise
I expressed affection today.,Love
My sister went to college today.,Neutral
The student lost patience today.,Anger
My brother finished the task today.,Neutral
I found an unexpected opportunity today.,Surprise
My sister completed a project today.,Joy
The teacher was afraid of failing today.,Fear
The student experienced a surprise today.,Surprise
My brother won a competition today.,Joy
I heard shocking news today.,Surprise
My sister feared the outcome today.,Fear
The student worried about the future today.,Fear
I achieved a goal today.,Joy
My sister feared the outcome today.,Fear
The student felt lonely today.,Sadness
The employee had a difficult day today.,Sadness
My sister cared deeply for someone today.,Love
My brother worried about the future today.,Fear
The student felt uncertain today.,Fear
Our team completed a project today.,Joy
The student had a wonderful day today.,Joy
My friend felt lonely today.,Sadness
The student won a competition today.,Joy
My brother cared deeply for someone today.,Love
The employee was disappointed today.,Sadness
The student worried about the future today.,Fear
My brother felt grateful for loved ones today.,Love
The teacher passed the exam today.,Joy
Our team could not believe the outcome today.,Surprise
My friend felt frustrated today.,Anger
The employee completed a project today.,Joy
My friend felt uncertain today.,Fear
Our team lost something important today.,Sadness
Our team felt anxious today.,Fear
The employee was upset by the decision today.,Anger
My sister valued a friendship today.,Love
Our team felt frustrated today.,Anger
My brother felt grateful for loved ones today.,Love
My brother completed the assignment today.,Neutral
My friend feared the outcome today.,Fear
My friend had a wonderful day today.,Joy
Our team valued a friendship today.,Love
My sister became very angry today.,Anger
The student became very angry today.,Anger
Our team checked the schedule today.,Neutral
Our team was stunned today.,Surprise
I reviewed the information today.,Neutral
Our team became very angry today.,Anger
My friend finished the task today.,Neutral
My sister felt nervous about the exam today.,Fear
The teacher cared deeply for someone today.,Love
The employee lost something important today.,Sadness
My friend finished the task today.,Neutral
Our team was amazed by the result today.,Surprise
I heard shocking news today.,Surprise
The teacher completed a project today.,Joy
The teacher missed a loved one today.,Sadness
I got promoted today.,Joy
I checked the schedule today.,Neutral
My sister earned an award today.,Joy
The teacher argued about the issue today.,Anger
My brother was amazed by the result today.,Surprise
The employee became very angry today.,Anger
The student appreciated the support today.,Love
I saw something unbelievable today.,Surprise
The student found an unexpected opportunity today.,Surprise
My sister argued about the issue today.,Anger
The employee lost something important today.,Sadness
My brother expressed affection today.,Love
My friend worried about the interview today.,Fear
Our team felt loved today.,Love
The employee was disappointed today.,Sadness
Our team lost patience today.,Anger
I reviewed the information today.,Neutral
I passed the exam today.,Joy
Our team was afraid of failing today.,Fear
My friend got annoyed today.,Anger
Our team was stunned today.,Surprise
My brother was stunned today.,Surprise
The student enjoyed time with family today.,Love
My sister got promoted today.,Joy
I enjoyed time with family today.,Love
The employee had a wonderful day today.,Joy
My sister was stunned today.,Surprise
I was disappointed today.,Sadness
My friend hated the situation today.,Anger
The employee felt frustrated today.,Anger
I felt loved today.,Love
My friend won a competition today.,Joy
The employee reviewed the information today.,Neutral
The employee felt uncertain today.,Fear
The employee was upset by the decision today.,Anger
The teacher was amazed by the result today.,Surprise
My friend missed a loved one today.,Sadness
My friend was amazed by the result today.,Surprise
The employee reviewed the information today.,Neutral
The student felt uncertain today.,Fear
Our team reviewed the information today.,Neutral
Our team felt grateful for loved ones today.,Love
My friend updated the document today.,Neutral
I felt frustrated today.,Anger
The employee appreciated the support today.,Love
The student worried about the future today.,Fear
My sister was scared of the result today.,Fear
My sister found an unexpected opportunity today.,Surprise
I achieved a goal today.,Joy
The student passed the exam today.,Joy
I got promoted today.,Joy
The employee could not believe the outcome today.,Surprise
Our team cared deeply for someone today.,Love
My friend experienced a surprise today.,Surprise
The employee worried about the interview today.,Fear
I was amazed by the result today.,Surprise
My sister was scared of the result today.,Fear
Our team valued a friendship today.,Love
The employee updated the document today.,Neutral
My sister became very angry today.,Anger
I worried about the future today.,Fear
The employee felt grateful for loved ones today.,Love
My sister checked the schedule today.,Neutral
My brother was disappointed today.,Sadness
My brother showed kindness today.,Love
The student earned an award today.,Joy
My brother lost patience today.,Anger
My friend achieved a goal today.,Joy
My friend was disappointed today.,Sadness
Our team heard shocking news today.,Surprise
My brother lost something important today.,Sadness
The employee enjoyed time with family today.,Love
My friend received good news today.,Joy
The employee was amazed by the result today.,Surprise
The teacher felt grateful for loved ones today.,Love
My sister felt anxious today.,Fear
Our team attended the meeting today.,Neutral
I felt uncertain today.,Fear
My friend received good news today.,Joy
My brother missed a loved one today.,Sadness
I felt nervous about the exam today.,Fear
The teacher attended the meeting today.,Neutral
Our team updated the document today.,Neutral
The teacher went to college today.,Neutral
The employee felt loved today.,Love
The student enjoyed time with family today.,Love
Our team lost patience today.,Anger
The student felt anxious today.,Fear
I attended the meeting today.,Neutral
The teacher experienced a surprise today.,Surprise
The teacher earned an award today.,Joy
The student experienced a surprise today.,Surprise
My friend was upset by the decision today.,Anger
My brother passed the exam today.,Joy
My brother had a difficult day today.,Sadness
My friend received bad news today.,Sadness
My sister felt loved today.,Love
The student could not believe the outcome today.,Surprise
My brother felt uncertain today.,Fear
The student felt anxious today.,Fear
My friend was disappointed today.,Sadness
My brother reviewed the information today.,Neutral
My friend had a wonderful day today.,Joy
My brother felt uncertain today.,Fear
My brother had a wonderful day today.,Joy
The student experienced a surprise today.,Surprise
The student experienced a surprise today.,Surprise
The employee valued a friendship today.,Love
The employee had a wonderful day today.,Joy
My sister cared deeply for someone today.,Love
My sister experienced a surprise today.,Surprise
My sister was upset by the decision today.,Anger
My friend valued a friendship today.,Love
The teacher felt left out today.,Sadness
The teacher had a wonderful day today.,Joy
My brother appreciated the support today.,Love
Our team worried about the interview today.,Fear
The employee felt frustrated today.,Anger
My sister appreciated the support today.,Love
The student felt heartbroken today.,Sadness
The employee missed a loved one today.,Sadness
The employee was treated unfairly today.,Anger
The teacher attended the meeting today.,Neutral
The employee was scared of the result today.,Fear
The employee lost patience today.,Anger
Our team achieved a goal today.,Joy
The employee submitted the report today.,Neutral
The teacher saw something unbelievable today.,Surprise
My friend received an unexpected gift today.,Surprise
The student found an unexpected opportunity today.,Surprise
My sister was upset by the decision today.,Anger
My brother expressed affection today.,Love
The employee was amazed by the result today.,Surprise
My friend received an unexpected gift today.,Surprise
Our team got promoted today.,Joy
The student checked the schedule today.,Neutral
The teacher received bad news today.,Sadness
The teacher received bad news today.,Sadness
The employee completed the assignment today.,Neutral
The teacher received good news today.,Joy
My brother felt left out today.,Sadness
The student was upset by the decision today.,Anger
The student achieved a goal today.,Joy
Our team achieved a goal today.,Joy
I reviewed the information today.,Neutral
The teacher cared deeply for someone today.,Love
My friend was amazed by the result today.,Surprise
My friend reviewed the information today.,Neutral
The student reviewed the information today.,Neutral
My brother found an unexpected opportunity today.,Surprise
The employee heard shocking news today.,Surprise
I reviewed the information today.,Neutral
The student got annoyed today.,Anger
My friend felt loved today.,Love
I was disappointed today.,Sadness
My friend was stunned today.,Surprise
I cared deeply for someone today.,Love
My friend felt loved today.,Love
The teacher became very angry today.,Anger
My brother completed a project today.,Joy
My sister felt anxious today.,Fear
My sister was disappointed today.,Sadness
I was stunned today.,Surprise
My brother was stunned today.,Surprise
The employee found an unexpected opportunity today.,Surprise
The student felt frustrated today.,Anger
The student was afraid of failing today.,Fear
My brother lost patience today.,Anger
I missed a loved one today.,Sadness
The employee received bad news today.,Sadness
The employee became very angry today.,Anger
The employee submitted the report today.,Neutral
My sister earned an award today.,Joy
I worried about the future today.,Fear
The teacher completed a project today.,Joy
The student felt loved today.,Love
My sister cared deeply for someone today.,Love
The student earned an award today.,Joy
The student updated the document today.,Neutral
I got promoted today.,Joy
The teacher felt left out today.,Sadness
My brother saw something unbelievable today.,Surprise
My sister submitted the report today.,Neutral
I finished the task today.,Neutral
I enjoyed time with family today.,Love
The employee felt uncertain today.,Fear
My sister became very angry today.,Anger
Our team got annoyed today.,Anger
I achieved a goal today.,Joy
My brother passed the exam today.,Joy
I cared deeply for someone today.,Love
My sister was stunned today.,Surprise
I got promoted today.,Joy
The student felt grateful for loved ones today.,Love
Our team felt grateful for loved ones today.,Love
My sister hated the situation today.,Anger
My brother completed the assignment today.,Neutral
The employee felt heartbroken today.,Sadness
My brother felt grateful for loved ones today.,Love
The student had a difficult day today.,Sadness
My brother showed kindness today.,Love
I achieved a goal today.,Joy
Our team was scared of the result today.,Fear
My brother feared the outcome today.,Fear
My brother showed kindness today.,Love
My friend submitted the report today.,Neutral
My sister felt heartbroken today.,Sadness
My brother was amazed by the result today.,Surprise
I valued a friendship today.,Love
I finished the task today.,Neutral
The teacher showed kindness today.,Love
Our team appreciated the support today.,Love
My sister felt loved today.,Love
The employee passed the exam today.,Joy
My sister got annoyed today.,Anger
The student had a difficult day today.,Sadness
My friend received bad news today.,Sadness
The employee valued a friendship today.,Love
The student had a wonderful day today.,Joy
The student felt loved today.,Love
Our team felt grateful for loved ones today.,Love
The employee had a difficult day today.,Sadness
I felt uncertain today.,Fear
The student felt grateful for loved ones today.,Love
The teacher went to college today.,Neutral
Our team completed a project today.,Joy
Our team attended the meeting today.,Neutral
My sister went to college today.,Neutral
Our team felt loved today.,Love
The employee reviewed the information today.,Neutral
Our team had a difficult day today.,Sadness
Our team submitted the report today.,Neutral
Our team appreciated the support today.,Love
My friend became very angry today.,Anger
The employee was upset by the decision today.,Anger
The student was stunned today.,Surprise
My sister submitted the report today.,Neutral
The student was treated unfairly today.,Anger
The employee felt grateful for loved ones today.,Love
Our team was amazed by the result today.,Surprise
The teacher showed kindness today.,Love
Our team was amazed by the result today.,Surprise
My sister earned an award today.,Joy
My brother saw something unbelievable today.,Surprise
Our team got promoted today.,Joy
My sister won a competition today.,Joy
The student submitted the report today.,Neutral
The teacher reviewed the information today.,Neutral
My brother received bad news today.,Sadness
The employee worried about the interview today.,Fear
My sister completed a project today.,Joy
The employee showed kindness today.,Love
My sister expressed affection today.,Love
The employee passed the exam today.,Joy
My brother reviewed the information today.,Neutral
Our team felt nervous about the exam today.,Fear
The teacher passed the exam today.,Joy
The teacher feared the outcome today.,Fear
The student was afraid of failing today.,Fear
The employee was afraid of failing today.,Fear
My friend achieved a goal today.,Joy
The teacher appreciated the support today.,Love
Our team lost patience today.,Anger
The employee was stunned today.,Surprise
The teacher attended the meeting today.,Neutral
I felt nervous about the exam today.,Fear
The employee appreciated the support today.,Love
The employee reviewed the information today.,Neutral
Our team had a difficult day today.,Sadness
I missed a loved one today.,Sadness
My sister felt anxious today.,Fear
My sister missed a loved one today.,Sadness
Our team was stunned today.,Surprise
The student felt left out today.,Sadness
The teacher received good news today.,Joy
The employee had a difficult day today.,Sadness
Our team cared deeply for someone today.,Love
Our team worried about the future today.,Fear
The teacher worried about the future today.,Fear
My friend finished the task today.,Neutral
The teacher went to college today.,Neutral
My friend felt left out today.,Sadness
The student attended the meeting today.,Neutral
I was stunned today.,Surprise
My sister was scared of the result today.,Fear
My friend could not believe the outcome today.,Surprise
The employee submitted the report today.,Neutral
The student showed kindness today.,Love
The employee received bad news today.,Sadness
Our team earned an award today.,Joy
The employee worried about the future today.,Fear
My sister felt heartbroken today.,Sadness
The teacher heard shocking news today.,Surprise
I expressed affection today.,Love
The employee lost something important today.,Sadness
My friend checked the schedule today.,Neutral
My brother had a wonderful day today.,Joy
My friend updated the document today.,Neutral
I experienced a surprise today.,Surprise
My brother found an unexpected opportunity today.,Surprise
I felt loved today.,Love
Our team experienced a surprise today.,Surprise
The employee checked the schedule today.,Neutral
My brother felt nervous about the exam today.,Fear
My friend felt uncertain today.,Fear
The student felt left out today.,Sadness
My brother received an unexpected gift today.,Surprise
My brother was disappointed today.,Sadness
I cared deeply for someone today.,Love
The employee felt anxious today.,Fear
My brother was upset by the decision today.,Anger
The student missed a loved one today.,Sadness
The teacher completed a project today.,Joy
My sister feared the outcome today.,Fear
The employee was upset by the decision today.,Anger
The student felt uncertain today.,Fear
Our team reviewed the information today.,Neutral
My friend earned an award today.,Joy
My friend missed a loved one today.,Sadness
My sister felt left out today.,Sadness
The employee was disappointed today.,Sadness
Our team worried about the future today.,Fear
The teacher felt left out today.,Sadness
My brother finished the task today.,Neutral
Our team got annoyed today.,Anger
My friend updated the document today.,Neutral
Our team argued about the issue today.,Anger
My friend felt lonely today.,Sadness
The teacher earned an award today.,Joy
The employee showed kindness today.,Love
I feared the outcome today.,Fear
The employee feared the outcome today.,Fear
Our team hated the situation today.,Anger
The teacher felt nervous about the exam today.,Fear
My sister earned an award today.,Joy
The employee felt heartbroken today.,Sadness
I was upset by the decision today.,Anger
My brother went to college today.,Neutral
The employee heard shocking news today.,Surprise
My brother won a competition today.,Joy
Our team got promoted today.,Joy
The employee felt anxious today.,Fear
My sister felt loved today.,Love
My brother hated the situation today.,Anger
My sister completed a project today.,Joy
Our team felt heartbroken today.,Sadness
The student got annoyed today.,Anger
My sister was amazed by the result today.,Surprise
I felt grateful for loved ones today.,Love
My brother felt uncertain today.,Fear
My sister expressed affection today.,Love
My brother hated the situation today.,Anger
I was scared of the result today.,Fear
My friend had a difficult day today.,Sadness
The employee cared deeply for someone today.,Love
My friend was upset by the decision today.,Anger
I lost patience today.,Anger
My sister could not believe the outcome today.,Surprise
My brother was treated unfairly today.,Anger
My friend got promoted today.,Joy
My friend achieved a goal today.,Joy
Our team expressed affection today.,Love
The employee achieved a goal today.,Joy
The student showed kindness today.,Love
The teacher felt nervous about the exam today.,Fear
I was treated unfairly today.,Anger
The teacher got annoyed today.,Anger
The teacher worried about the interview today.,Fear
The teacher saw something unbelievable today.,Surprise
The teacher became very angry today.,Anger
The employee experienced a surprise today.,Surprise
The student could not believe the outcome today.,Surprise
My friend valued a friendship today.,Love
The student felt frustrated today.,Anger
Our team cared deeply for someone today.,Love
Our team updated the document today.,Neutral
The teacher lost something important today.,Sadness
My brother finished the task today.,Neutral
The employee was treated unfairly today.,Anger
My sister lost patience today.,Anger
My friend updated the document today.,Neutral
Our team worried about the interview today.,Fear
The student checked the schedule today.,Neutral
My friend got promoted today.,Joy
The teacher worried about the future today.,Fear
The teacher felt loved today.,Love
My sister earned an award today.,Joy
The teacher completed a project today.,Joy
My brother argued about the issue today.,Anger
My friend passed the exam today.,Joy
My sister saw something unbelievable today.,Surprise
I checked the schedule today.,Neutral
My friend finished the task today.,Neutral
The teacher worried about the interview today.,Fear
The student received bad news today.,Sadness
The teacher found an unexpected opportunity today.,Surprise
My friend showed kindness today.,Love
My sister argued about the issue today.,Anger
The teacher was stunned today.,Surprise
The employee got promoted today.,Joy
My brother got annoyed today.,Anger
Our team felt frustrated today.,Anger
The employee felt heartbroken today.,Sadness
Our team felt loved today.,Love
The teacher lost something important today.,Sadness
I heard shocking news today.,Surprise
My sister attended the meeting today.,Neutral
The teacher received bad news today.,Sadness
The employee expressed affection today.,Love
My brother completed the assignment today.,Neutral
My sister worried about the future today.,Fear
My brother became very angry today.,Anger
My brother completed the assignment today.,Neutral
The teacher was upset by the decision today.,Anger
The student felt anxious today.,Fear
I saw something unbelievable today.,Surprise
My sister lost patience today.,Anger
The teacher was disappointed today.,Sadness
My friend felt frustrated today.,Anger
My friend lost patience today.,Anger
Our team completed a project today.,Joy
The student submitted the report today.,Neutral
My friend worried about the future today.,Fear
The employee enjoyed time with family today.,Love
Our team was stunned today.,Surprise
The employee expressed affection today.,Love
Our team appreciated the support today.,Love
The teacher felt nervous about the exam today.,Fear
The student won a competition today.,Joy
My brother was stunned today.,Surprise
The teacher felt frustrated today.,Anger
Our team was treated unfairly today.,Anger
The student experienced a surprise today.,Surprise
The teacher felt heartbroken today.,Sadness
My sister won a competition today.,Joy
My brother was treated unfairly today.,Anger
My sister updated the document today.,Neutral
My friend could not believe the outcome today.,Surprise
The student became very angry today.,Anger
The teacher was scared of the result today.,Fear
The teacher worried about the interview today.,Fear
The teacher went to college today.,Neutral
The teacher updated the document today.,Neutral
My friend was disappointed today.,Sadness
My sister cared deeply for someone today.,Love
The student submitted the report today.,Neutral
My sister saw something unbelievable today.,Surprise
The student lost something important today.,Sadness
The teacher got promoted today.,Joy
The student submitted the report today.,Neutral
My friend worried about the future today.,Fear
The teacher argued about the issue today.,Anger
The student had a difficult day today.,Sadness
The student lost patience today.,Anger
The teacher missed a loved one today.,Sadness
I was treated unfairly today.,Anger
Our team felt nervous about the exam today.,Fear
The employee lost something important today.,Sadness
I was treated unfairly today.,Anger
Our team found an unexpected opportunity today.,Surprise
The student became very angry today.,Anger
My brother lost patience today.,Anger
Our team had a difficult day today.,Sadness
The teacher lost patience today.,Anger
My friend was upset by the decision today.,Anger
I received an unexpected gift today.,Surprise
The student was scared of the result today.,Fear
My friend heard shocking news today.,Surprise
My friend had a wonderful day today.,Joy
My friend felt grateful for loved ones today.,Love
My sister passed the exam today.,Joy
The student lost something important today.,Sadness
My friend completed a project today.,Joy
The student passed the exam today.,Joy
The student completed the assignment today.,Neutral
The student passed the exam today.,Joy
The employee feared the outcome today.,Fear
My sister appreciated the support today.,Love
Our team experienced a surprise today.,Surprise
The employee appreciated the support today.,Love
My sister felt left out today.,Sadness
I submitted the report today.,Neutral
My sister felt grateful for loved ones today.,Love
The student hated the situation today.,Anger
My friend missed a loved one today.,Sadness
I completed a project today.,Joy
My friend checked the schedule today.,Neutral
The student submitted the report today.,Neutral
My sister lost patience today.,Anger
My sister completed a project today.,Joy
The teacher cared deeply for someone today.,Love
The teacher could not believe the outcome today.,Surprise
My friend was disappointed today.,Sadness
The teacher received good news today.,Joy
The employee lost something important today.,Sadness
My friend became very angry today.,Anger
The employee got promoted today.,Joy
My sister was amazed by the result today.,Surprise
Our team worried about the future today.,Fear
The student was scared of the result today.,Fear
My sister received an unexpected gift today.,Surprise
My sister completed a project today.,Joy
My friend felt grateful for loved ones today.,Love
My friend felt uncertain today.,Fear
The student became very angry today.,Anger
My sister argued about the issue today.,Anger
The student became very angry today.,Anger
The teacher was amazed by the result today.,Surprise
My friend felt grateful for loved ones today.,Love
The teacher missed a loved one today.,Sadness
The employee was treated unfairly today.,Anger
Our team had a wonderful day today.,Joy
My sister felt frustrated today.,Anger
My sister heard shocking news today.,Surprise
My friend hated the situation today.,Anger
My sister lost something important today.,Sadness
The teacher was scared of the result today.,Fear
The teacher argued about the issue today.,Anger
The teacher completed a project today.,Joy
Our team submitted the report today.,Neutral
The employee lost patience today.,Anger
The employee completed a project today.,Joy
My brother lost patience today.,Anger
I saw something unbelievable today.,Surprise
Our team was upset by the decision today.,Anger
My sister felt lonely today.,Sadness
I achieved a goal today.,Joy
My friend received bad news today.,Sadness
The employee received an unexpected gift today.,Surprise
Our team had a wonderful day today.,Joy
The employee was upset by the decision today.,Anger
The teacher received bad news today.,Sadness
My sister felt left out today.,Sadness
The employee felt loved today.,Love
The student attended the meeting today.,Neutral
My brother earned an award today.,Joy
The student felt loved today.,Love
My brother valued a friendship today.,Love
Our team hated the situation today.,Anger
The student was scared of the result today.,Fear
The student checked the schedule today.,Neutral
My brother felt loved today.,Love
Our team got annoyed today.,Anger
My sister felt loved today.,Love
My sister argued about the issue today.,Anger
The student became very angry today.,Anger
I passed the exam today.,Joy
Our team completed a project today.,Joy
The student feared the outcome today.,Fear
My brother received bad news today.,Sadness
The employee received good news today.,Joy
Our team got promoted today.,Joy
My sister got promoted today.,Joy
My friend felt grateful for loved ones today.,Love
My friend won a competition today.,Joy
The student felt nervous about the exam today.,Fear
My brother expressed affection today.,Love
My sister completed a project today.,Joy
I was afraid of failing today.,Fear
My sister feared the outcome today.,Fear
My friend was amazed by the result today.,Surprise
The employee could not believe the outcome today.,Surprise
The teacher was stunned today.,Surprise
The employee enjoyed time with family today.,Love
My friend completed the assignment today.,Neutral
My friend felt left out today.,Sadness
I showed kindness today.,Love
My sister completed the assignment today.,Neutral
My brother finished the task today.,Neutral
The student heard shocking news today.,Surprise
The employee felt loved today.,Love
My sister was treated unfairly today.,Anger
My sister lost patience today.,Anger
The teacher missed a loved one today.,Sadness
The student feared the outcome today.,Fear
The employee attended the meeting today.,Neutral
My friend went to college today.,Neutral
The employee was disappointed today.,Sadness
The student was amazed by the result today.,Surprise
My friend won a competition today.,Joy
My brother felt grateful for loved ones today.,Love
My friend checked the schedule today.,Neutral
The student saw something unbelievable today.,Surprise
The student was upset by the decision today.,Anger
I was disappointed today.,Sadness
My sister submitted the report today.,Neutral
The employee was upset by the decision today.,Anger
The teacher completed a project today.,Joy
The student passed the exam today.,Joy
My sister completed a project today.,Joy
My brother was afraid of failing today.,Fear
The student felt grateful for loved ones today.,Love
The employee showed kindness today.,Love
I reviewed the information today.,Neutral
My sister reviewed the information today.,Neutral
My brother completed a project today.,Joy
The teacher felt uncertain today.,Fear
The employee had a wonderful day today.,Joy
My sister got annoyed today.,Anger
The employee received an unexpected gift today.,Surprise
My friend won a competition today.,Joy
The teacher passed the exam today.,Joy
My friend reviewed the information today.,Neutral
The teacher was stunned today.,Surprise
My brother could not believe the outcome today.,Surprise
My sister completed the assignment today.,Neutral
I received good news today.,Joy
The teacher went to college today.,Neutral
My sister became very angry today.,Anger
The teacher experienced a surprise today.,Surprise
The employee heard shocking news today.,Surprise
My sister submitted the report today.,Neutral
The teacher worried about the future today.,Fear
The teacher went to college today.,Neutral
My sister completed a project today.,Joy
My sister felt anxious today.,Fear
My brother felt nervous about the exam today.,Fear
The teacher completed a project today.,Joy
The employee got annoyed today.,Anger
The student could not believe the outcome today.,Surprise
My friend was scared of the result today.,Fear
The teacher felt uncertain today.,Fear
My sister submitted the report today.,Neutral
My friend became very angry today.,Anger
The employee was amazed by the result today.,Surprise
My friend completed the assignment today.,Neutral
I showed kindness today.,Love
The employee was afraid of failing today.,Fear
My friend lost patience today.,Anger
My brother was afraid of failing today.,Fear
The teacher felt uncertain today.,Fear
My friend was treated unfairly today.,Anger
The teacher showed kindness today.,Love
The teacher finished the task today.,Neutral
The student worried about the future today.,Fear
The employee felt grateful for loved ones today.,Love
The student felt uncertain today.,Fear
The teacher feared the outcome today.,Fear
My sister was disappointed today.,Sadness
My friend was stunned today.,Surprise
Our team lost patience today.,Anger
My friend felt nervous about the exam today.,Fear
My friend was amazed by the result today.,Surprise
I became very angry today.,Anger
The employee experienced a surprise today.,Surprise
The student received bad news today.,Sadness
My sister achieved a goal today.,Joy
My friend had a wonderful day today.,Joy
My friend was upset by the decision today.,Anger
The student appreciated the support today.,Love
My brother was afraid of failing today.,Fear
My sister could not believe the outcome today.,Surprise
The teacher was treated unfairly today.,Anger
My brother had a difficult day today.,Sadness
The employee lost something important today.,Sadness
My sister was stunned today.,Surprise
My sister showed kindness today.,Love
My brother worried about the future today.,Fear
The student earned an award today.,Joy
The student cared deeply for someone today.,Love
Our team cared deeply for someone today.,Love
Our team feared the outcome today.,Fear
My friend felt lonely today.,Sadness
I lost patience today.,Anger
My friend became very angry today.,Anger
The teacher became very angry today.,Anger
My friend received good news today.,Joy
The employee enjoyed time with family today.,Love
I felt frustrated today.,Anger
The student updated the document today.,Neutral
The teacher was upset by the decision today.,Anger
I showed kindness today.,Love
Our team received good news today.,Joy
My sister achieved a goal today.,Joy
The student earned an award today.,Joy
The employee was stunned today.,Surprise
The student got promoted today.,Joy
The employee was disappointed today.,Sadness
I cared deeply for someone today.,Love
My sister cared deeply for someone today.,Love
The student experienced a surprise today.,Surprise
My brother received an unexpected gift today.,Surprise
The teacher felt left out today.,Sadness
The employee found an unexpected opportunity today.,Surprise
I felt loved today.,Love
I valued a friendship today.,Love
Our team missed a loved one today.,Sadness
My brother feared the outcome today.,Fear
Our team attended the meeting today.,Neutral
The teacher showed kindness today.,Love
I became very angry today.,Anger
I experienced a surprise today.,Surprise
The employee was treated unfairly today.,Anger
My sister was scared of the result today.,Fear
Our team lost something important today.,Sadness
The employee worried about the future today.,Fear
The student was treated unfairly today.,Anger
My brother completed a project today.,Joy
My friend finished the task today.,Neutral
The employee appreciated the support today.,Love
The student felt lonely today.,Sadness
My brother argued about the issue today.,Anger
The employee was disappointed today.,Sadness
My sister had a wonderful day today.,Joy
The teacher passed the exam today.,Joy
My brother completed a project today.,Joy
The teacher submitted the report today.,Neutral
The teacher saw something unbelievable today.,Surprise
The student experienced a surprise today.,Surprise
The teacher became very angry today.,Anger
The student reviewed the information today.,Neutral
The student missed a loved one today.,Sadness
The student felt frustrated today.,Anger
The teacher finished the task today.,Neutral
My brother lost patience today.,Anger
Our team experienced a surprise today.,Surprise
Our team achieved a goal today.,Joy
I valued a friendship today.,Love
The teacher finished the task today.,Neutral
My brother felt left out today.,Sadness
The teacher was stunned today.,Surprise
The teacher passed the exam today.,Joy
My friend received an unexpected gift today.,Surprise
The employee felt loved today.,Love
I worried about the future today.,Fear
I found an unexpected opportunity today.,Surprise
The employee lost something important today.,Sadness
My sister felt nervous about the exam today.,Fear
The teacher expressed affection today.,Love
My sister worried about the interview today.,Fear
The student checked the schedule today.,Neutral
My friend became very angry today.,Anger
My sister earned an award today.,Joy
My brother became very angry today.,Anger
The employee was afraid of failing today.,Fear
Our team felt grateful for loved ones today.,Love
Our team felt left out today.,Sadness
The employee updated the document today.,Neutral
The employee could not believe the outcome today.,Surprise
The student completed the assignment today.,Neutral
The student won a competition today.,Joy
I received an unexpected gift today.,Surprise
My brother heard shocking news today.,Surprise
Our team completed a project today.,Joy
I showed kindness today.,Love
The teacher was stunned today.,Surprise
My friend was scared of the result today.,Fear
My sister was scared of the result today.,Fear
The student had a difficult day today.,Sadness
Our team became very angry today.,Anger
The student felt lonely today.,Sadness
I expressed affection today.,Love
The teacher felt frustrated today.,Anger
My sister updated the document today.,Neutral
The employee became very angry today.,Anger
My friend felt heartbroken today.,Sadness
Our team felt lonely today.,Sadness
Our team felt frustrated today.,Anger
Our team expressed affection today.,Love
My brother completed the assignment today.,Neutral
My brother achieved a goal today.,Joy
The employee felt nervous about the exam today.,Fear
My friend felt uncertain today.,Fear
My friend was upset by the decision today.,Anger
The student feared the outcome today.,Fear
My friend worried about the interview today.,Fear
The teacher was disappointed today.,Sadness
The student updated the document today.,Neutral
My brother heard shocking news today.,Surprise
The employee submitted the report today.,Neutral
My brother felt nervous about the exam today.,Fear
The student submitted the report today.,Neutral
Our team lost patience today.,Anger
The teacher passed the exam today.,Joy
Our team finished the task today.,Neutral
Our team saw something unbelievable today.,Surprise
The student received bad news today.,Sadness
My brother received an unexpected gift today.,Surprise
The teacher argued about the issue today.,Anger
The teacher became very angry today.,Anger
The student received good news today.,Joy
The employee showed kindness today.,Love
The student saw something unbelievable today.,Surprise
I felt uncertain today.,Fear
The employee felt grateful for loved ones today.,Love
The teacher reviewed the information today.,Neutral
Our team submitted the report today.,Neutral
I missed a loved one today.,Sadness
Our team felt lonely today.,Sadness
I went to college today.,Neutral
My sister went to college today.,Neutral
The employee achieved a goal today.,Joy
My sister heard shocking news today.,Surprise
The teacher worried about the future today.,Fear
The employee reviewed the information today.,Neutral
My sister got annoyed today.,Anger
The employee went to college today.,Neutral
My brother missed a loved one today.,Sadness
My sister enjoyed time with family today.,Love
The teacher became very angry today.,Anger
The teacher lost something important today.,Sadness
I was afraid of failing today.,Fear
My sister was stunned today.,Surprise
My friend valued a friendship today.,Love
My sister was scared of the result today.,Fear
The employee was scared of the result today.,Fear
The teacher completed a project today.,Joy
My sister appreciated the support today.,Love
The employee argued about the issue today.,Anger
I passed the exam today.,Joy
My friend heard shocking news today.,Surprise
My sister felt grateful for loved ones today.,Love
The teacher worried about the future today.,Fear
My brother was scared of the result today.,Fear
The student passed the exam today.,Joy
My brother became very angry today.,Anger
My friend saw something unbelievable today.,Surprise
Our team completed a project today.,Joy
The teacher was disappointed today.,Sadness
The employee felt anxious today.,Fear
I got promoted today.,Joy
Our team felt loved today.,Love
The student enjoyed time with family today.,Love
My sister became very angry today.,Anger
The student felt grateful for loved ones today.,Love
The employee heard shocking news today.,Surprise
I found an unexpected opportunity today.,Surprise
My sister worried about the interview today.,Fear
My friend got annoyed today.,Anger
My brother felt loved today.,Love
My brother lost patience today.,Anger
The teacher lost patience today.,Anger
My friend found an unexpected opportunity today.,Surprise
The employee felt lonely today.,Sadness
My sister had a wonderful day today.,Joy
Our team enjoyed time with family today.,Love
The employee got annoyed today.,Anger
My brother felt lonely today.,Sadness
My brother missed a loved one today.,Sadness
The student cared deeply for someone today.,Love
The teacher achieved a goal today.,Joy
The student finished the task today.,Neutral
The student worried about the future today.,Fear
I worried about the future today.,Fear
My brother worried about the interview today.,Fear
My sister argued about the issue today.,Anger
The employee completed the assignment today.,Neutral
Our team attended the meeting today.,Neutral
My sister felt left out today.,Sadness
The teacher checked the schedule today.,Neutral
My sister earned an award today.,Joy
My friend reviewed the information today.,Neutral
Our team went to college today.,Neutral
Our team went to college today.,Neutral
Our team got promoted today.,Joy
My brother appreciated the support today.,Love
My sister was disappointed today.,Sadness
Our team felt nervous about the exam today.,Fear
My sister worried about the future today.,Fear
My sister earned an award today.,Joy
The teacher was disappointed today.,Sadness
My friend appreciated the support today.,Love
My brother heard shocking news today.,Surprise
My friend finished the task today.,Neutral
Our team got promoted today.,Joy
The teacher enjoyed time with family today.,Love
The student felt loved today.,Love
My friend expressed affection today.,Love
My sister got annoyed today.,Anger
I lost patience today.,Anger
Our team felt frustrated today.,Anger
My friend got annoyed today.,Anger
The teacher was amazed by the result today.,Surprise
The teacher saw something unbelievable today.,Surprise
My friend saw something unbelievable today.,Surprise
I completed the assignment today.,Neutral
The teacher was scared of the result today.,Fear
The teacher was disappointed today.,Sadness
My brother felt nervous about the exam today.,Fear
My sister lost something important today.,Sadness
Our team was disappointed today.,Sadness
The teacher received an unexpected gift today.,Surprise
My friend expressed affection today.,Love
I was disappointed today.,Sadness
The teacher updated the document today.,Neutral
My brother updated the document today.,Neutral
I received an unexpected gift today.,Surprise
The student checked the schedule today.,Neutral
Our team attended the meeting today.,Neutral
The student finished the task today.,Neutral
My friend was scared of the result today.,Fear
The employee completed a project today.,Joy
The employee was disappointed today.,Sadness
My sister argued about the issue today.,Anger
The student checked the schedule today.,Neutral
My sister achieved a goal today.,Joy
I earned an award today.,Joy
My friend lost patience today.,Anger
The employee found an unexpected opportunity today.,Surprise
Our team hated the situation today.,Anger
Our team felt heartbroken today.,Sadness
Our team felt heartbroken today.,Sadness
My sister felt anxious today.,Fear
The employee felt anxious today.,Fear
My sister attended the meeting today.,Neutral
The student experienced a surprise today.,Surprise
I found an unexpected opportunity today.,Surprise
My sister missed a loved one today.,Sadness
The employee argued about the issue today.,Anger
The employee got promoted today.,Joy
Our team found an unexpected opportunity today.,Surprise
The teacher felt lonely today.,Sadness
My friend had a difficult day today.,Sadness
My friend valued a friendship today.,Love
My friend was treated unfairly today.,Anger
Our team had a difficult day today.,Sadness
The teacher felt frustrated today.,Anger
My brother feared the outcome today.,Fear
Our team argued about the issue today.,Anger
The student missed a loved one today.,Sadness
My friend achieved a goal today.,Joy
The teacher was scared of the result today.,Fear
The employee earned an award today.,Joy
My brother earned an award today.,Joy
Our team could not believe the outcome today.,Surprise
My sister felt lonely today.,Sadness
The employee felt left out today.,Sadness
My sister had a difficult day today.,Sadness
I could not believe the outcome today.,Surprise
I completed a project today.,Joy
The employee was afraid of failing today.,Fear
My friend went to college today.,Neutral
The teacher felt anxious today.,Fear
The employee updated the document today.,Neutral
The student earned an award today.,Joy
Our team found an unexpected opportunity today.,Surprise
Our team felt left out today.,Sadness
The student received good news today.,Joy
The employee felt grateful for loved ones today.,Love
I received bad news today.,Sadness
I felt lonely today.,Sadness
My brother argued about the issue today.,Anger
My friend experienced a surprise today.,Surprise
I saw something unbelievable today.,Surprise
Our team worried about the interview today.,Fear
I was stunned today.,Surprise
I hated the situation today.,Anger
My brother enjoyed time with family today.,Love
Our team checked the schedule today.,Neutral
My friend feared the outcome today.,Fear
I felt left out today.,Sadness
My sister went to college today.,Neutral
My friend felt frustrated today.,Anger
The teacher reviewed the information today.,Neutral
I cared deeply for someone today.,Love
My brother had a wonderful day today.,Joy
My brother lost patience today.,Anger
My brother saw something unbelievable today.,Surprise
Our team expressed affection today.,Love
The student submitted the report today.,Neutral
Our team heard shocking news today.,Surprise
My friend completed the assignment today.,Neutral
Our team cared deeply for someone today.,Love
My friend appreciated the support today.,Love
Our team hated the situation today.,Anger
The teacher updated the document today.,Neutral
My sister reviewed the information today.,Neutral
I received good news today.,Joy
The student was disappointed today.,Sadness
My friend went to college today.,Neutral
Our team worried about the future today.,Fear
The student received good news today.,Joy
Our team earned an award today.,Joy
My brother appreciated the support today.,Love
My sister became very angry today.,Anger
The student felt loved today.,Love
The student worried about the interview today.,Fear
My sister feared the outcome today.,Fear
My friend hated the situation today.,Anger
The teacher appreciated the support today.,Love
My friend became very angry today.,Anger
My sister was treated unfairly today.,Anger
My sister worried about the future today.,Fear
My friend became very angry today.,Anger
The employee showed kindness today.,Love
I could not believe the outcome today.,Surprise
My sister felt uncertain today.,Fear
I submitted the report today.,Neutral
Our team argued about the issue today.,Anger
My friend heard shocking news today.,Surprise
Our team submitted the report today.,Neutral
My sister could not believe the outcome today.,Surprise
Our team found an unexpected opportunity today.,Surprise
My brother had a difficult day today.,Sadness
The employee updated the document today.,Neutral
My friend submitted the report today.,Neutral
My brother finished the task today.,Neutral
My sister lost patience today.,Anger
I completed a project today.,Joy
The employee reviewed the information today.,Neutral
Our team won a competition today.,Joy
I was afraid of failing today.,Fear
My brother feared the outcome today.,Fear
I missed a loved one today.,Sadness
My brother valued a friendship today.,Love
The teacher felt frustrated today.,Anger
My brother had a wonderful day today.,Joy
The student argued about the issue today.,Anger
My friend felt lonely today.,Sadness
My friend was stunned today.,Surprise
The student enjoyed time with family today.,Love
My brother got annoyed today.,Anger
Our team got promoted today.,Joy
The employee felt lonely today.,Sadness
The employee found an unexpected opportunity today.,Surprise
My friend felt anxious today.,Fear
The employee attended the meeting today.,Neutral
My sister was upset by the decision today.,Anger
My sister reviewed the information today.,Neutral
My sister attended the meeting today.,Neutral
The teacher finished the task today.,Neutral
The employee was disappointed today.,Sadness
My friend felt lonely today.,Sadness
The teacher received bad news today.,Sadness
I feared the outcome today.,Fear
The student won a competition today.,Joy
The employee felt grateful for loved ones today.,Love
The teacher felt heartbroken today.,Sadness
The teacher feared the outcome today.,Fear
The employee lost something important today.,Sadness
My sister appreciated the support today.,Love
The student felt heartbroken today.,Sadness
My brother experienced a surprise today.,Surprise
My sister experienced a surprise today.,Surprise
Our team was stunned today.,Surprise
My friend felt nervous about the exam today.,Fear
The student received an unexpected gift today.,Surprise
My friend worried about the future today.,Fear
My brother experienced a surprise today.,Surprise
My friend felt nervous about the exam today.,Fear
I could not believe the outcome today.,Surprise
My sister submitted the report today.,Neutral
My sister achieved a goal today.,Joy
I saw something unbelievable today.,Surprise
I completed the assignment today.,Neutral
Our team passed the exam today.,Joy
My brother could not believe the outcome today.,Surprise
The employee was afraid of failing today.,Fear
I cared deeply for someone today.,Love
The student was treated unfairly today.,Anger
My brother valued a friendship today.,Love
My sister got annoyed today.,Anger
My sister earned an award today.,Joy
My brother had a wonderful day today.,Joy
My sister felt nervous about the exam today.,Fear
Our team argued about the issue today.,Anger
The student feared the outcome today.,Fear
I experienced a surprise today.,Surprise
The student received an unexpected gift today.,Surprise
The teacher felt frustrated today.,Anger
My friend valued a friendship today.,Love
Our team was afraid of failing today.,Fear
My sister received bad news today.,Sadness
The student was scared of the result today.,Fear
My brother was disappointed today.,Sadness
My brother cared deeply for someone today.,Love
I received good news today.,Joy
My brother cared deeply for someone today.,Love
Our team felt anxious today.,Fear
I had a wonderful day today.,Joy
Our team won a competition today.,Joy
The teacher expressed affection today.,Love
My brother attended the meeting today.,Neutral
My sister hated the situation today.,Anger
My brother felt frustrated today.,Anger
I valued a friendship today.,Love
I was afraid of failing today.,Fear
My brother updated the document today.,Neutral
The employee lost something important today.,Sadness
My brother won a competition today.,Joy
The employee completed the assignment today.,Neutral
The teacher showed kindness today.,Love
My brother felt nervous about the exam today.,Fear
My brother felt grateful for loved ones today.,Love
My sister felt frustrated today.,Anger
The employee received an unexpected gift today.,Surprise
The student felt uncertain today.,Fear
The teacher had a wonderful day today.,Joy
The teacher feared the outcome today.,Fear
The teacher finished the task today.,Neutral
My friend could not believe the outcome today.,Surprise
The student argued about the issue today.,Anger
My sister was treated unfairly today.,Anger
The teacher feared the outcome today.,Fear
The student lost something important today.,Sadness
My sister had a difficult day today.,Sadness
The employee felt nervous about the exam today.,Fear
The student lost something important today.,Sadness
My sister received good news today.,Joy
My brother felt anxious today.,Fear
Our team achieved a goal today.,Joy
My friend became very angry today.,Anger
I saw something unbelievable today.,Surprise
My friend felt anxious today.,Fear
The student worried about the interview today.,Fear
My brother felt anxious today.,Fear
My friend feared the outcome today.,Fear
I felt anxious today.,Fear
I was stunned today.,Surprise
My friend appreciated the support today.,Love
Our team experienced a surprise today.,Surprise
My friend completed a project today.,Joy
My brother updated the document today.,Neutral
My brother was amazed by the result today.,Surprise
My sister received bad news today.,Sadness
The student had a difficult day today.,Sadness
My brother worried about the future today.,Fear
Our team valued a friendship today.,Love
My sister hated the situation today.,Anger
The student won a competition today.,Joy
The student felt grateful for loved ones today.,Love
Our team felt anxious today.,Fear
I argued about the issue today.,Anger
My friend attended the meeting today.,Neutral
My sister got annoyed today.,Anger
I was scared of the result today.,Fear
Our team worried about the interview today.,Fear
My sister went to college today.,Neutral
My friend received bad news today.,Sadness
My sister submitted the report today.,Neutral
My friend felt left out today.,Sadness
My sister experienced a surprise today.,Surprise
The employee got annoyed today.,Anger
My sister received good news today.,Joy
The employee was afraid of failing today.,Fear
The teacher heard shocking news today.,Surprise
The employee updated the document today.,Neutral
My sister was amazed by the result today.,Surprise
I was disappointed today.,Sadness
Our team worried about the interview today.,Fear
I experienced a surprise today.,Surprise
I was afraid of failing today.,Fear
The student felt nervous about the exam today.,Fear
My sister experienced a surprise today.,Surprise
My sister could not believe the outcome today.,Surprise
The employee was afraid of failing today.,Fear
My sister was scared of the result today.,Fear
The student was upset by the decision today.,Anger
My friend earned an award today.,Joy
My friend checked the schedule today.,Neutral
My brother was upset by the decision today.,Anger
The employee appreciated the support today.,Love
Our team felt nervous about the exam today.,Fear
My brother reviewed the information today.,Neutral
My sister attended the meeting today.,Neutral
My sister got annoyed today.,Anger
My sister felt lonely today.,Sadness
Our team was scared of the result today.,Fear
Our team felt frustrated today.,Anger
The teacher received bad news today.,Sadness
The student felt lonely today.,Sadness
Our team felt frustrated today.,Anger
I feared the outcome today.,Fear
The employee completed the assignment today.,Neutral
The student showed kindness today.,Love
My sister could not believe the outcome today.,Surprise
The teacher felt left out today.,Sadness
The student reviewed the information today.,Neutral
My friend received an unexpected gift today.,Surprise
The teacher reviewed the information today.,Neutral
My friend passed the exam today.,Joy
I finished the task today.,Neutral
The employee updated the document today.,Neutral
The student felt lonely today.,Sadness
The teacher updated the document today.,Neutral
My sister enjoyed time with family today.,Love
My friend felt loved today.,Love
The teacher checked the schedule today.,Neutral
My friend achieved a goal today.,Joy
My sister got promoted today.,Joy
The student felt anxious today.,Fear
My sister cared deeply for someone today.,Love
My sister went to college today.,Neutral
Our team saw something unbelievable today.,Surprise
My sister submitted the report today.,Neutral
I felt heartbroken today.,Sadness
My sister was treated unfairly today.,Anger
My sister completed a project today.,Joy
The employee heard shocking news today.,Surprise
Our team showed kindness today.,Love
My sister reviewed the information today.,Neutral
My friend attended the meeting today.,Neutral
My brother cared deeply for someone today.,Love
The employee had a difficult day today.,Sadness
The student had a wonderful day today.,Joy
Our team got annoyed today.,Anger
Our team finished the task today.,Neutral
The student was amazed by the result today.,Surprise
The employee earned an award today.,Joy
The student felt frustrated today.,Anger
Our team hated the situation today.,Anger
The student felt heartbroken today.,Sadness
My friend completed the assignment today.,Neutral
My brother was afraid of failing today.,Fear
My sister had a difficult day today.,Sadness
I passed the exam today.,Joy
The teacher was disappointed today.,Sadness
My sister finished the task today.,Neutral
The student received bad news today.,Sadness
Our team felt lonely today.,Sadness
I hated the situation today.,Anger
My friend enjoyed time with family today.,Love
The employee experienced a surprise today.,Surprise
My friend expressed affection today.,Love
Our team received good news today.,Joy
I completed a project today.,Joy
The employee felt left out today.,Sadness
The student felt anxious today.,Fear
The teacher finished the task today.,Neutral
The student reviewed the information today.,Neutral
My brother felt loved today.,Love
The teacher achieved a goal today.,Joy
I appreciated the support today.,Love
The student earned an award today.,Joy
Our team experienced a surprise today.,Surprise
I received bad news today.,Sadness
Our team saw something unbelievable today.,Surprise
The teacher updated the document today.,Neutral
My friend reviewed the information today.,Neutral
The teacher passed the exam today.,Joy
The teacher argued about the issue today.,Anger
My brother appreciated the support today.,Love
My friend was afraid of failing today.,Fear
I showed kindness today.,Love
Our team went to college today.,Neutral
The employee hated the situation today.,Anger
My friend was disappointed today.,Sadness
The employee was scared of the result today.,Fear
My brother felt frustrated today.,Anger
I earned an award today.,Joy
The student got annoyed today.,Anger
My friend valued a friendship today.,Love
My sister enjoyed time with family today.,Love
The student experienced a surprise today.,Surprise
My friend completed the assignment today.,Neutral
The student was amazed by the result today.,Surprise
The student was upset by the decision today.,Anger
My brother updated the document today.,Neutral
My brother cared deeply for someone today.,Love
The teacher passed the exam today.,Joy
My friend cared deeply for someone today.,Love
I felt uncertain today.,Fear
Our team was upset by the decision today.,Anger
The teacher earned an award today.,Joy
The teacher received bad news today.,Sadness
My friend showed kindness today.,Love
Our team finished the task today.,Neutral
I felt uncertain today.,Fear
My friend earned an award today.,Joy
The teacher reviewed the information today.,Neutral
The employee worried about the future today.,Fear
The employee had a wonderful day today.,Joy
I was disappointed today.,Sadness
The teacher was treated unfairly today.,Anger
The employee felt frustrated today.,Anger
My brother achieved a goal today.,Joy
Our team was disappointed today.,Sadness
My friend received bad news today.,Sadness
Our team achieved a goal today.,Joy
My friend felt uncertain today.,Fear
The employee worried about the future today.,Fear
My sister received an unexpected gift today.,Surprise
My sister enjoyed time with family today.,Love
The employee felt loved today.,Love
I was stunned today.,Surprise
The student got annoyed today.,Anger
My sister expressed affection today.,Love
The teacher attended the meeting today.,Neutral
The teacher showed kindness today.,Love
My friend was afraid of failing today.,Fear
The student felt grateful for loved ones today.,Love
My friend was disappointed today.,Sadness
The employee lost something important today.,Sadness
My sister had a wonderful day today.,Joy
The student was disappointed today.,Sadness
The employee achieved a goal today.,Joy
My brother lost something important today.,Sadness
I got annoyed today.,Anger
My brother passed the exam today.,Joy
Our team reviewed the information today.,Neutral
My brother attended the meeting today.,Neutral
The teacher finished the task today.,Neutral
I had a wonderful day today.,Joy
My brother missed a loved one today.,Sadness
My brother felt heartbroken today.,Sadness
My friend valued a friendship today.,Love
Our team lost patience today.,Anger
My brother valued a friendship today.,Love
My brother reviewed the information today.,Neutral
Our team reviewed the information today.,Neutral
The teacher got promoted today.,Joy
I experienced a surprise today.,Surprise
I achieved a goal today.,Joy
The teacher felt nervous about the exam today.,Fear
I got annoyed today.,Anger
I felt nervous about the exam today.,Fear
The employee earned an award today.,Joy
My brother saw something unbelievable today.,Surprise
The student achieved a goal today.,Joy
My brother checked the schedule today.,Neutral
The teacher felt left out today.,Sadness
Our team reviewed the information today.,Neutral
My sister completed a project today.,Joy
The student felt lonely today.,Sadness
The employee felt heartbroken today.,Sadness
The student went to college today.,Neutral
The employee worried about the interview today.,Fear
The employee received bad news today.,Sadness
I went to college today.,Neutral
The student felt loved today.,Love
My brother updated the document today.,Neutral
The student received bad news today.,Sadness
My brother cared deeply for someone today.,Love
The employee enjoyed time with family today.,Love
My brother lost something important today.,Sadness
The employee completed the assignment today.,Neutral
The student finished the task today.,Neutral
The teacher received good news today.,Joy
I heard shocking news today.,Surprise
Our team had a wonderful day today.,Joy
The student submitted the report today.,Neutral
My brother lost something important today.,Sadness
The student hated the situation today.,Anger
My sister felt nervous about the exam today.,Fear
Our team felt left out today.,Sadness
The employee was afraid of failing today.,Fear
The teacher felt heartbroken today.,Sadness
The student received an unexpected gift today.,Surprise
My sister completed a project today.,Joy
The teacher passed the exam today.,Joy
My friend appreciated the support today.,Love
The teacher feared the outcome today.,Fear
My brother appreciated the support today.,Love
Our team became very angry today.,Anger
The student was disappointed today.,Sadness
Our team reviewed the information today.,Neutral
Our team lost patience today.,Anger
I reviewed the information today.,Neutral
The student passed the exam today.,Joy
My sister worried about the interview today.,Fear
My brother checked the schedule today.,Neutral
The employee enjoyed time with family today.,Love
My brother was treated unfairly today.,Anger
My brother valued a friendship today.,Love
My brother felt anxious today.,Fear
Our team won a competition today.,Joy
I appreciated the support today.,Love
My friend felt anxious today.,Fear
The student won a competition today.,Joy
Our team experienced a surprise today.,Surprise
I lost something important today.,Sadness
My sister checked the schedule today.,Neutral
The student missed a loved one today.,Sadness
My brother cared deeply for someone today.,Love
I was afraid of failing today.,Fear
I valued a friendship today.,Love
The teacher attended the meeting today.,Neutral
The employee won a competition today.,Joy
The student got promoted today.,Joy
I showed kindness today.,Love
The employee passed the exam today.,Joy
My friend cared deeply for someone today.,Love
Our team worried about the future today.,Fear
I saw something unbelievable today.,Surprise
The employee received bad news today.,Sadness
The student got promoted today.,Joy
The employee was treated unfairly today.,Anger
The employee completed the assignment today.,Neutral
My sister argued about the issue today.,Anger
My friend felt heartbroken today.,Sadness
My friend reviewed the information today.,Neutral
I completed the assignment today.,Neutral
My friend worried about the interview today.,Fear
The student updated the document today.,Neutral
My friend received an unexpected gift today.,Surprise
My friend had a difficult day today.,Sadness
The teacher worried about the interview today.,Fear
The employee felt nervous about the exam today.,Fear
Our team attended the meeting today.,Neutral
The student valued a friendship today.,Love
My friend enjoyed time with family today.,Love
My sister lost patience today.,Anger
My friend was afraid of failing today.,Fear
Our team received bad news today.,Sadness
My sister valued a friendship today.,Love
My sister enjoyed time with family today.,Love
Our team argued about the issue today.,Anger
Our team felt frustrated today.,Anger
Our team felt uncertain today.,Fear
The teacher got annoyed today.,Anger
The student earned an award today.,Joy
My brother earned an award today.,Joy
The student was amazed by the result today.,Surprise
The student updated the document today.,Neutral
My sister was afraid of failing today.,Fear
The student was amazed by the result today.,Surprise
My friend submitted the report today.,Neutral
My brother became very angry today.,Anger
Our team could not believe the outcome today.,Surprise
The student got annoyed today.,Anger
I found an unexpected opportunity today.,Surprise
The student worried about the interview today.,Fear
My brother achieved a goal today.,Joy
The employee felt nervous about the exam today.,Fear
The student felt heartbroken today.,Sadness
My brother achieved a goal today.,Joy
Our team felt heartbroken today.,Sadness
The teacher became very angry today.,Anger
The student felt anxious today.,Fear
I completed the assignment today.,Neutral
The student expressed affection today.,Love
Our team found an unexpected opportunity today.,Surprise
My friend was treated unfairly today.,Anger
The employee found an unexpected opportunity today.,Surprise
My brother found an unexpected opportunity today.,Surprise
I was disappointed today.,Sadness
The student appreciated the support today.,Love
My friend felt uncertain today.,Fear
The student submitted the report today.,Neutral
The employee reviewed the information today.,Neutral
My friend missed a loved one today.,Sadness
The employee was disappointed today.,Sadness
My friend feared the outcome today.,Fear
The teacher received good news today.,Joy
My brother felt uncertain today.,Fear
My brother was scared of the result today.,Fear
My brother received an unexpected gift today.,Surprise
My friend lost something important today.,Sadness
I won a competition today.,Joy
I felt loved today.,Love
My brother went to college today.,Neutral
Our team felt uncertain today.,Fear
The employee felt frustrated today.,Anger
The teacher felt lonely today.,Sadness
My brother had a wonderful day today.,Joy
My brother was amazed by the result today.,Surprise
The student feared the outcome today.,Fear
The teacher won a competition today.,Joy
The employee felt nervous about the exam today.,Fear
My brother completed the assignment today.,Neutral
The teacher could not believe the outcome today.,Surprise
The student showed kindness today.,Love
Our team attended the meeting today.,Neutral
My friend lost something important today.,Sadness
The teacher was treated unfairly today.,Anger
My brother felt anxious today.,Fear
The student passed the exam today.,Joy
My friend showed kindness today.,Love
Our team had a difficult day today.,Sadness
The teacher had a wonderful day today.,Joy
My friend was amazed by the result today.,Surprise
The employee completed the assignment today.,Neutral
Our team showed kindness today.,Love
The employee felt lonely today.,Sadness
My brother was stunned today.,Surprise
My friend had a wonderful day today.,Joy
My brother felt heartbroken today.,Sadness
Our team had a wonderful day today.,Joy
My brother went to college today.,Neutral
Our team showed kindness today.,Love
My friend felt anxious today.,Fear
The employee heard shocking news today.,Surprise
Our team expressed affection today.,Love
The employee completed a project today.,Joy
The student felt anxious today.,Fear
My friend felt heartbroken today.,Sadness
My sister felt nervous about the exam today.,Fear
The teacher received an unexpected gift today.,Surprise
I achieved a goal today.,Joy
Our team worried about the future today.,Fear
The student was disappointed today.,Sadness
My brother felt uncertain today.,Fear
My brother felt nervous about the exam today.,Fear
The employee found an unexpected opportunity today.,Surprise
My brother was amazed by the result today.,Surprise
The teacher completed the assignment today.,Neutral
Our team expressed affection today.,Love
Our team checked the schedule today.,Neutral
My friend lost patience today.,Anger
My brother felt lonely today.,Sadness
Our team updated the document today.,Neutral
The employee got promoted today.,Joy
The employee found an unexpected opportunity today.,Surprise
I completed the assignment today.,Neutral
My brother showed kindness today.,Love
The student was treated unfairly today.,Anger
The employee valued a friendship today.,Love
My friend was amazed by the result today.,Surprise
Our team was afraid of failing today.,Fear
The employee feared the outcome today.,Fear
The employee was scared of the result today.,Fear
The employee missed a loved one today.,Sadness
My friend expressed affection today.,Love
The student became very angry today.,Anger
The student heard shocking news today.,Surprise
The teacher checked the schedule today.,Neutral
My friend got annoyed today.,Anger
The teacher finished the task today.,Neutral
My brother heard shocking news today.,Surprise
My friend felt lonely today.,Sadness
My sister felt nervous about the exam today.,Fear
The employee achieved a goal today.,Joy
My friend was stunned today.,Surprise
I was scared of the result today.,Fear
My sister attended the meeting today.,Neutral
The employee missed a loved one today.,Sadness
My sister checked the schedule today.,Neutral
Our team was scared of the result today.,Fear
Our team missed a loved one today.,Sadness
The employee lost patience today.,Anger
The student received good news today.,Joy
My brother attended the meeting today.,Neutral
My sister worried about the interview today.,Fear
The employee felt nervous about the exam today.,Fear
My friend saw something unbelievable today.,Surprise
The employee was stunned today.,Surprise
My brother experienced a surprise today.,Surprise
I expressed affection today.,Love
My sister was afraid of failing today.,Fear
The teacher felt heartbroken today.,Sadness
My sister received bad news today.,Sadness
My brother appreciated the support today.,Love
Our team worried about the future today.,Fear
My sister lost something important today.,Sadness
The student found an unexpected opportunity today.,Surprise
The employee appreciated the support today.,Love
My friend feared the outcome today.,Fear
My brother earned an award today.,Joy
My sister valued a friendship today.,Love
My brother experienced a surprise today.,Surprise
My sister felt anxious today.,Fear
The teacher felt uncertain today.,Fear
The teacher got annoyed today.,Anger
My friend felt frustrated today.,Anger
The employee was treated unfairly today.,Anger
My friend went to college today.,Neutral
The teacher lost patience today.,Anger
My brother experienced a surprise today.,Surprise
My friend had a difficult day today.,Sadness
My brother was amazed by the result today.,Surprise
My friend felt heartbroken today.,Sadness
The student felt frustrated today.,Anger
My brother hated the situation today.,Anger
The employee argued about the issue today.,Anger
The employee submitted the report today.,Neutral
My sister felt left out today.,Sadness
My sister lost patience today.,Anger
My brother showed kindness today.,Love
My brother could not believe the outcome today.,Surprise
My sister achieved a goal today.,Joy
I became very angry today.,Anger
The employee completed a project today.,Joy
My sister felt loved today.,Love
Our team had a wonderful day today.,Joy
The student was disappointed today.,Sadness
The teacher lost patience today.,Anger
My brother had a wonderful day today.,Joy
The employee valued a friendship today.,Love
My friend heard shocking news today.,Surprise
My friend found an unexpected opportunity today.,Surprise
My sister could not believe the outcome today.,Surprise
Our team felt frustrated today.,Anger
My friend achieved a goal today.,Joy
The employee hated the situation today.,Anger
My friend received good news today.,Joy
Our team cared deeply for someone today.,Love
I was upset by the decision today.,Anger
The student submitted the report today.,Neutral
The teacher was scared of the result today.,Fear
My friend felt left out today.,Sadness
I went to college today.,Neutral
I was scared of the result today.,Fear
The teacher submitted the report today.,Neutral
The student hated the situation today.,Anger
The teacher found an unexpected opportunity today.,Surprise
My brother felt nervous about the exam today.,Fear
I worried about the future today.,Fear
The employee attended the meeting today.,Neutral
The employee felt uncertain today.,Fear
My friend was afraid of failing today.,Fear
The teacher felt uncertain today.,Fear
Our team was treated unfairly today.,Anger
I cared deeply for someone today.,Love
I was amazed by the result today.,Surprise
The employee feared the outcome today.,Fear
The employee completed a project today.,Joy
The teacher finished the task today.,Neutral
The teacher received bad news today.,Sadness
The student felt frustrated today.,Anger
Our team cared deeply for someone today.,Love
The employee finished the task today.,Neutral
Our team became very angry today.,Anger
The student won a competition today.,Joy
The employee missed a loved one today.,Sadness
My friend achieved a goal today.,Joy
The student heard shocking news today.,Surprise
I was treated unfairly today.,Anger
Our team expressed affection today.,Love
My friend lost something important today.,Sadness
The student saw something unbelievable today.,Surprise
The teacher was afraid of failing today.,Fear
Our team worried about the future today.,Fear
My sister argued about the issue today.,Anger
I had a difficult day today.,Sadness
The teacher felt uncertain today.,Fear
The employee missed a loved one today.,Sadness
My friend felt anxious today.,Fear
I felt lonely today.,Sadness
My friend lost something important today.,Sadness
I felt lonely today.,Sadness
I got promoted today.,Joy
My friend appreciated the support today.,Love
The teacher found an unexpected opportunity today.,Surprise
The teacher felt loved today.,Love
My brother felt anxious today.,Fear
The teacher could not believe the outcome today.,Surprise
I was upset by the decision today.,Anger
Our team worried about the interview today.,Fear
My friend heard shocking news today.,Surprise
My sister worried about the interview today.,Fear
I found an unexpected opportunity today.,Surprise
I worried about the future today.,Fear
My friend hated the situation today.,Anger
Our team received bad news today.,Sadness
My sister submitted the report today.,Neutral
My sister saw something unbelievable today.,Surprise
My friend was stunned today.,Surprise
I appreciated the support today.,Love
Our team saw something unbelievable today.,Surprise
My friend went to college today.,Neutral
Our team worried about the interview today.,Fear
My brother submitted the report today.,Neutral
The teacher updated the document today.,Neutral
Our team completed a project today.,Joy
The employee felt loved today.,Love
The teacher appreciated the support today.,Love
The student was scared of the result today.,Fear
My sister earned an award today.,Joy
I was disappointed today.,Sadness
Our team completed the assignment today.,Neutral
Our team saw something unbelievable today.,Surprise
Our team was stunned today.,Surprise
My friend received bad news today.,Sadness
Our team got annoyed today.,Anger
Our team cared deeply for someone today.,Love
The teacher had a wonderful day today.,Joy
My sister updated the document today.,Neutral
My friend hated the situation today.,Anger
The employee lost something important today.,Sadness
My friend checked the schedule today.,Neutral
My sister found an unexpected opportunity today.,Surprise
My sister missed a loved one today.,Sadness
I heard shocking news today.,Surprise
Our team valued a friendship today.,Love
The employee earned an award today.,Joy
My sister hated the situation today.,Anger
My brother felt grateful for loved ones today.,Love
The employee worried about the interview today.,Fear
I completed the assignment today.,Neutral
The teacher was treated unfairly today.,Anger
My friend was afraid of failing today.,Fear
The teacher was scared of the result today.,Fear
The student found an unexpected opportunity today.,Surprise
I finished the task today.,Neutral
My sister received bad news today.,Sadness
The teacher was disappointed today.,Sadness
I felt left out today.,Sadness
My friend got promoted today.,Joy
I submitted the report today.,Neutral
My brother worried about the interview today.,Fear
My friend felt grateful for loved ones today.,Love
The teacher was stunned today.,Surprise
I had a difficult day today.,Sadness
The teacher enjoyed time with family today.,Love
The employee felt uncertain today.,Fear
I felt uncertain today.,Fear
Our team felt lonely today.,Sadness
My friend feared the outcome today.,Fear
My brother submitted the report today.,Neutral
The student had a difficult day today.,Sadness
My sister was treated unfairly today.,Anger
My sister finished the task today.,Neutral
My friend cared deeply for someone today.,Love
My friend felt uncertain today.,Fear
The teacher missed a loved one today.,Sadness
My friend valued a friendship today.,Love
My sister had a wonderful day today.,Joy
I attended the meeting today.,Neutral
Our team was upset by the decision today.,Anger
My sister felt lonely today.,Sadness
The teacher passed the exam today.,Joy
The teacher felt lonely today.,Sadness
Our team felt left out today.,Sadness
The student reviewed the information today.,Neutral
The teacher could not believe the outcome today.,Surprise
My brother finished the task today.,Neutral
Our team expressed affection today.,Love
I was treated unfairly today.,Anger
My sister felt lonely today.,Sadness
My sister missed a loved one today.,Sadness
My friend became very angry today.,Anger
Our team had a difficult day today.,Sadness
My friend was disappointed today.,Sadness
The teacher passed the exam today.,Joy
The employee passed the exam today.,Joy
I got annoyed today.,Anger
My sister heard shocking news today.,Surprise
I cared deeply for someone today.,Love
The student missed a loved one today.,Sadness
My sister felt nervous about the exam today.,Fear
The teacher got annoyed today.,Anger
The student attended the meeting today.,Neutral
Our team attended the meeting today.,Neutral
My sister reviewed the information today.,Neutral
The student achieved a goal today.,Joy
The student felt grateful for loved ones today.,Love
My sister completed a project today.,Joy
Our team received good news today.,Joy
The employee attended the meeting today.,Neutral
My brother passed the exam today.,Joy
My brother received bad news today.,Sadness
My friend felt uncertain today.,Fear
The employee felt heartbroken today.,Sadness
I worried about the future today.,Fear
The student was upset by the decision today.,Anger
My brother was afraid of failing today.,Fear
I felt left out today.,Sadness
Our team felt left out today.,Sadness
The teacher completed the assignment today.,Neutral
My friend was afraid of failing today.,Fear
My sister had a difficult day today.,Sadness
Our team felt grateful for loved ones today.,Love
The student received bad news today.,Sadness
The teacher felt loved today.,Love
The teacher got promoted today.,Joy
The employee received bad news today.,Sadness
I could not believe the outcome today.,Surprise
The student got promoted today.,Joy
The teacher worried about the interview today.,Fear
I won a competition today.,Joy
The student received bad news today.,Sadness
The employee got annoyed today.,Anger
The employee worried about the interview today.,Fear
Our team was treated unfairly today.,Anger
The student appreciated the support today.,Love
The student was treated unfairly today.,Anger
My friend heard shocking news today.,Surprise
The student experienced a surprise today.,Surprise
My friend argued about the issue today.,Anger
Our team appreciated the support today.,Love
My brother could not believe the outcome today.,Surprise
Our team worried about the future today.,Fear
I updated the document today.,Neutral
I felt grateful for loved ones today.,Love
The teacher was scared of the result today.,Fear
My brother appreciated the support today.,Love
My brother completed the assignment today.,Neutral
My sister lost patience today.,Anger
Our team received good news today.,Joy
My sister lost something important today.,Sadness
The teacher expressed affection today.,Love
I felt heartbroken today.,Sadness
My friend felt lonely today.,Sadness
I felt frustrated today.,Anger
My brother worried about the interview today.,Fear
The student had a wonderful day today.,Joy
The student checked the schedule today.,Neutral
My brother could not believe the outcome today.,Surprise
I felt lonely today.,Sadness
My sister earned an award today.,Joy
I received bad news today.,Sadness
Our team showed kindness today.,Love
The student felt grateful for loved ones today.,Love
The teacher was stunned today.,Surprise
The employee found an unexpected opportunity today.,Surprise
My sister passed the exam today.,Joy
My sister was afraid of failing today.,Fear
The employee argued about the issue today.,Anger
The teacher argued about the issue today.,Anger
The student experienced a surprise today.,Surprise
The student became very angry today.,Anger
My brother worried about the interview today.,Fear
The teacher felt heartbroken today.,Sadness
My friend felt left out today.,Sadness
My sister experienced a surprise today.,Surprise
The employee saw something unbelievable today.,Surprise
My brother hated the situation today.,Anger
My brother went to college today.,Neutral
The student felt grateful for loved ones today.,Love
The employee could not believe the outcome today.,Surprise
The student worried about the interview today.,Fear
My sister received an unexpected gift today.,Surprise
I lost patience today.,Anger
My sister went to college today.,Neutral
I got promoted today.,Joy
The teacher got promoted today.,Joy
My brother felt lonely today.,Sadness
Our team felt lonely today.,Sadness
My brother received bad news today.,Sadness
My brother feared the outcome today.,Fear
I felt grateful for loved ones today.,Love
My friend expressed affection today.,Love
The teacher worried about the future today.,Fear
My friend felt uncertain today.,Fear
My sister hated the situation today.,Anger
Our team argued about the issue today.,Anger
The teacher could not believe the outcome today.,Surprise
My brother appreciated the support today.,Love
The teacher missed a loved one today.,Sadness
The teacher went to college today.,Neutral
I updated the document today.,Neutral
My friend was stunned today.,Surprise
My brother updated the document today.,Neutral
I completed the assignment today.,Neutral
My brother heard shocking news today.,Surprise
The teacher had a wonderful day today.,Joy
The teacher got promoted today.,Joy
The student received good news today.,Joy
My friend completed the assignment today.,Neutral
I was amazed by the result today.,Surprise
I hated the situation today.,Anger
My brother checked the schedule today.,Neutral
The teacher updated the document today.,Neutral
The teacher won a competition today.,Joy
My brother felt grateful for loved ones today.,Love
The teacher felt grateful for loved ones today.,Love
The employee got annoyed today.,Anger
My friend had a wonderful day today.,Joy
My sister expressed affection today.,Love
My friend valued a friendship today.,Love
The teacher felt nervous about the exam today.,Fear
The teacher feared the outcome today.,Fear
The student felt uncertain today.,Fear
My brother feared the outcome today.,Fear
The teacher earned an award today.,Joy
Our team enjoyed time with family today.,Love
The teacher checked the schedule today.,Neutral
The employee submitted the report today.,Neutral
Our team felt lonely today.,Sadness
My friend feared the outcome today.,Fear
My sister expressed affection today.,Love
Our team completed a project today.,Joy
My friend reviewed the information today.,Neutral
I felt uncertain today.,Fear
The employee felt frustrated today.,Anger
My brother had a wonderful day today.,Joy
My brother found an unexpected opportunity today.,Surprise
My brother achieved a goal today.,Joy
The teacher felt grateful for loved ones today.,Love
The teacher received good news today.,Joy
I completed a project today.,Joy
My friend feared the outcome today.,Fear
I attended the meeting today.,Neutral
I expressed affection today.,Love
The employee was upset by the decision today.,Anger
My friend completed a project today.,Joy
I felt nervous about the exam today.,Fear
The employee passed the exam today.,Joy
I felt lonely today.,Sadness
The teacher checked the schedule today.,Neutral
My sister cared deeply for someone today.,Love
The student became very angry today.,Anger
My friend reviewed the information today.,Neutral
My friend received good news today.,Joy
The employee reviewed the information today.,Neutral
My sister received good news today.,Joy
The student checked the schedule today.,Neutral
My sister saw something unbelievable today.,Surprise
The employee felt anxious today.,Fear
I attended the meeting today.,Neutral
My friend received good news today.,Joy
My friend felt nervous about the exam today.,Fear
The employee valued a friendship today.,Love
My brother found an unexpected opportunity today.,Surprise
Our team had a wonderful day today.,Joy
The employee missed a loved one today.,Sadness
Our team received an unexpected gift today.,Surprise
The teacher felt frustrated today.,Anger
Our team achieved a goal today.,Joy
The student was treated unfairly today.,Anger
Our team was disappointed today.,Sadness
The employee was scared of the result today.,Fear
I had a wonderful day today.,Joy
I was treated unfairly today.,Anger
Our team was treated unfairly today.,Anger
I got annoyed today.,Anger
The student expressed affection today.,Love
Our team experienced a surprise today.,Surprise
The teacher updated the document today.,Neutral
The teacher went to college today.,Neutral
The student worried about the future today.,Fear
The employee finished the task today.,Neutral
My brother earned an award today.,Joy
I cared deeply for someone today.,Love
Our team felt loved today.,Love
I won a competition today.,Joy
Our team was treated unfairly today.,Anger
I got annoyed today.,Anger
Our team was disappointed today.,Sadness
The student received bad news today.,Sadness
The student was upset by the decision today.,Anger
The employee earned an award today.,Joy
The student submitted the report today.,Neutral
My sister valued a friendship today.,Love
The teacher missed a loved one today.,Sadness
My friend submitted the report today.,Neutral
Our team had a wonderful day today.,Joy
Our team updated the document today.,Neutral
The student earned an award today.,Joy
The student was treated unfairly today.,Anger
My brother lost something important today.,Sadness
The employee worried about the interview today.,Fear
My sister got promoted today.,Joy
My sister was upset by the decision today.,Anger
Our team felt anxious today.,Fear
The employee was stunned today.,Surprise
The teacher worried about the interview today.,Fear
My brother felt frustrated today.,Anger
The teacher received good news today.,Joy
My brother felt lonely today.,Sadness
My brother enjoyed time with family today.,Love
My friend earned an award today.,Joy
The student was stunned today.,Surprise
The employee lost patience today.,Anger
My sister was amazed by the result today.,Surprise
I felt nervous about the exam today.,Fear
My brother received an unexpected gift today.,Surprise
The teacher submitted the report today.,Neutral
The student achieved a goal today.,Joy
My sister argued about the issue today.,Anger
The employee completed the assignment today.,Neutral
My sister worried about the interview today.,Fear
My sister was treated unfairly today.,Anger
The student attended the meeting today.,Neutral
My brother felt grateful for loved ones today.,Love
My friend enjoyed time with family today.,Love
Our team expressed affection today.,Love
Our team worried about the interview today.,Fear
My sister attended the meeting today.,Neutral
The student felt uncertain today.,Fear
The employee experienced a surprise today.,Surprise
The student appreciated the support today.,Love
My sister argued about the issue today.,Anger
The teacher reviewed the information today.,Neutral
The employee found an unexpected opportunity today.,Surprise
My brother enjoyed time with family today.,Love
Our team cared deeply for someone today.,Love
My sister achieved a goal today.,Joy
My brother valued a friendship today.,Love
Our team received bad news today.,Sadness
My friend became very angry today.,Anger
The student expressed affection today.,Love
Our team was stunned today.,Surprise
My sister felt lonely today.,Sadness
Our team received an unexpected gift today.,Surprise
My friend felt frustrated today.,Anger
The student received bad news today.,Sadness
The employee received good news today.,Joy
The employee went to college today.,Neutral
Our team received bad news today.,Sadness
The teacher received an unexpected gift today.,Surprise
My friend received good news today.,Joy
My brother lost something important today.,Sadness
The teacher was amazed by the result today.,Surprise
Our team could not believe the outcome today.,Surprise
The teacher valued a friendship today.,Love
Our team updated the document today.,Neutral
The employee finished the task today.,Neutral
The student submitted the report today.,Neutral
My brother felt grateful for loved ones today.,Love
The student missed a loved one today.,Sadness
My brother was stunned today.,Surprise
My sister felt left out today.,Sadness
The teacher experienced a surprise today.,Surprise
My brother completed the assignment today.,Neutral
The student received an unexpected gift today.,Surprise
The employee went to college today.,Neutral
Our team completed a project today.,Joy
The teacher felt nervous about the exam today.,Fear
The teacher felt grateful for loved ones today.,Love
Our team felt heartbroken today.,Sadness
The student got promoted today.,Joy
The student received bad news today.,Sadness
I was amazed by the result today.,Surprise
The student felt loved today.,Love
My sister appreciated the support today.,Love
I was amazed by the result today.,Surprise
The employee was treated unfairly today.,Anger
My friend received good news today.,Joy
The student was treated unfairly today.,Anger
My friend could not believe the outcome today.,Surprise
I felt left out today.,Sadness
My friend had a difficult day today.,Sadness
The employee valued a friendship today.,Love
My sister got annoyed today.,Anger
Our team felt grateful for loved ones today.,Love
The employee appreciated the support today.,Love
Our team passed the exam today.,Joy
The employee missed a loved one today.,Sadness
My friend lost patience today.,Anger
My brother enjoyed time with family today.,Love
Our team enjoyed time with family today.,Love
The employee became very angry today.,Anger
My friend finished the task today.,Neutral
The employee got promoted today.,Joy
The student reviewed the information today.,Neutral
The teacher lost something important today.,Sadness
The employee achieved a goal today.,Joy
The student worried about the future today.,Fear
The student lost something important today.,Sadness
My friend felt nervous about the exam today.,Fear
Our team was scared of the result today.,Fear
My brother felt lonely today.,Sadness
I achieved a goal today.,Joy
The student enjoyed time with family today.,Love
My friend went to college today.,Neutral
The student felt lonely today.,Sadness
The employee felt anxious today.,Fear
The student lost patience today.,Anger
The teacher heard shocking news today.,Surprise
My brother worried about the future today.,Fear
I hated the situation today.,Anger
My sister had a difficult day today.,Sadness
My friend felt grateful for loved ones today.,Love
Our team worried about the future today.,Fear
My sister felt loved today.,Love
Our team passed the exam today.,Joy
The teacher was amazed by the result today.,Surprise
I received good news today.,Joy
The student felt loved today.,Love
Our team felt loved today.,Love
My friend earned an award today.,Joy
I saw something unbelievable today.,Surprise
The teacher was afraid of failing today.,Fear
The student finished the task today.,Neutral
Our team attended the meeting today.,Neutral
My brother valued a friendship today.,Love
My friend showed kindness today.,Love
My brother could not believe the outcome today.,Surprise
My sister felt anxious today.,Fear
The employee felt heartbroken today.,Sadness
My friend cared deeply for someone today.,Love
Our team earned an award today.,Joy
The student won a competition today.,Joy
My sister worried about the future today.,Fear
Our team saw something unbelievable today.,Surprise
Our team went to college today.,Neutral
The student valued a friendship today.,Love
The teacher was disappointed today.,Sadness
My sister felt loved today.,Love
My sister got promoted today.,Joy
I argued about the issue today.,Anger
The teacher saw something unbelievable today.,Surprise
My sister feared the outcome today.,Fear
I received bad news today.,Sadness
My brother was treated unfairly today.,Anger
My friend was upset by the decision today.,Anger
Our team appreciated the support today.,Love
My sister lost patience today.,Anger
The teacher was upset by the decision today.,Anger
Our team was scared of the result today.,Fear
The student appreciated the support today.,Love
Our team completed the assignment today.,Neutral
My friend felt frustrated today.,Anger
The teacher showed kindness today.,Love
My brother felt frustrated today.,Anger
I expressed affection today.,Love
My friend completed the assignment today.,Neutral
My sister attended the meeting today.,Neutral
My brother valued a friendship today.,Love
My brother felt left out today.,Sadness
My sister felt anxious today.,Fear
The student became very angry today.,Anger
The employee received an unexpected gift today.,Surprise
Our team showed kindness today.,Love
The student received bad news today.,Sadness
My brother had a difficult day today.,Sadness
Our team appreciated the support today.,Love
I attended the meeting today.,Neutral
I went to college today.,Neutral
My sister hated the situation today.,Anger
The student had a wonderful day today.,Joy
My brother saw something unbelievable today.,Surprise
Our team saw something unbelievable today.,Surprise
I attended the meeting today.,Neutral
Our team felt lonely today.,Sadness
The employee passed the exam today.,Joy
I got annoyed today.,Anger
My brother saw something unbelievable today.,Surprise
The student was stunned today.,Surprise
I lost something important today.,Sadness
The student showed kindness today.,Love
My sister felt frustrated today.,Anger
The student felt uncertain today.,Fear
My friend cared deeply for someone today.,Love
My sister lost patience today.,Anger
My sister received an unexpected gift today.,Surprise
Our team was treated unfairly today.,Anger
Our team worried about the future today.,Fear
I earned an award today.,Joy
My sister received good news today.,Joy
My sister felt lonely today.,Sadness
The student valued a friendship today.,Love
The student was treated unfairly today.,Anger
I felt loved today.,Love
The teacher updated the document today.,Neutral
The teacher won a competition today.,Joy
The teacher passed the exam today.,Joy
My sister felt uncertain today.,Fear
Our team was stunned today.,Surprise
The teacher felt anxious today.,Fear
I was amazed by the result today.,Surprise
The teacher updated the document today.,Neutral
The employee reviewed the information today.,Neutral
The teacher completed the assignment today.,Neutral
I experienced a surprise today.,Surprise
Our team feared the outcome today.,Fear
The employee reviewed the information today.,Neutral
My brother completed the assignment today.,Neutral
Our team felt heartbroken today.,Sadness
My friend saw something unbelievable today.,Surprise
The teacher enjoyed time with family today.,Love
Our team had a wonderful day today.,Joy
The student worried about the interview today.,Fear
I feared the outcome today.,Fear
My sister experienced a surprise today.,Surprise
The employee argued about the issue today.,Anger
My brother felt heartbroken today.,Sadness
My sister attended the meeting today.,Neutral
The teacher appreciated the support today.,Love
The employee found an unexpected opportunity today.,Surprise
The teacher went to college today.,Neutral
My friend argued about the issue today.,Anger
My friend had a wonderful day today.,Joy
My brother showed kindness today.,Love
I attended the meeting today.,Neutral
The teacher experienced a surprise today.,Surprise
My brother was treated unfairly today.,Anger
My sister went to college today.,Neutral
The student felt lonely today.,Sadness
My friend appreciated the support today.,Love
My brother was scared of the result today.,Fear
My sister earned an award today.,Joy
Our team felt anxious today.,Fear
The student got promoted today.,Joy
The student worried about the interview today.,Fear
The employee saw something unbelievable today.,Surprise
The employee worried about the interview today.,Fear
My sister argued about the issue today.,Anger
The teacher received good news today.,Joy
My brother got annoyed today.,Anger
The teacher passed the exam today.,Joy
My brother was afraid of failing today.,Fear
The teacher was amazed by the result today.,Surprise
Our team checked the schedule today.,Neutral
The employee experienced a surprise today.,Surprise
My brother received an unexpected gift today.,Surprise
My friend lost something important today.,Sadness
Our team experienced a surprise today.,Surprise
The teacher found an unexpected opportunity today.,Surprise
My friend updated the document today.,Neutral
My sister missed a loved one today.,Sadness
Our team had a difficult day today.,Sadness
The teacher achieved a goal today.,Joy
The employee got promoted today.,Joy
My friend felt uncertain today.,Fear
My brother hated the situation today.,Anger
My friend felt frustrated today.,Anger
The student was afraid of failing today.,Fear
My sister lost something important today.,Sadness
My friend felt frustrated today.,Anger
The employee passed the exam today.,Joy
My sister felt anxious today.,Fear
The student lost patience today.,Anger
The teacher achieved a goal today.,Joy
The employee cared deeply for someone today.,Love
The student achieved a goal today.,Joy
The employee received bad news today.,Sadness
The employee completed the assignment today.,Neutral
My sister expressed affection today.,Love
The student earned an award today.,Joy
The student had a difficult day today.,Sadness
My sister felt loved today.,Love
The employee felt uncertain today.,Fear
My brother argued about the issue today.,Anger
The employee missed a loved one today.,Sadness
Our team got promoted today.,Joy
The teacher finished the task today.,Neutral
My brother felt frustrated today.,Anger
My brother felt lonely today.,Sadness
My sister was disappointed today.,Sadness
My friend argued about the issue today.,Anger
My brother felt lonely today.,Sadness
The employee completed the assignment today.,Neutral
The employee achieved a goal today.,Joy
Our team got promoted today.,Joy
The teacher had a wonderful day today.,Joy
The student felt frustrated today.,Anger
I worried about the interview today.,Fear
My sister got annoyed today.,Anger
My friend was stunned today.,Surprise
My sister got promoted today.,Joy
I felt nervous about the exam today.,Fear
My friend was disappointed today.,Sadness
The student was scared of the result today.,Fear
My friend lost patience today.,Anger
Our team received good news today.,Joy
The teacher could not believe the outcome today.,Surprise
My sister passed the exam today.,Joy
The student could not believe the outcome today.,Surprise
The employee worried about the future today.,Fear
I felt frustrated today.,Anger
The student experienced a surprise today.,Surprise
I could not believe the outcome today.,Surprise
My friend updated the document today.,Neutral
The student had a wonderful day today.,Joy
The teacher feared the outcome today.,Fear
The student saw something unbelievable today.,Surprise
My sister expressed affection today.,Love
The teacher got annoyed today.,Anger
Our team felt heartbroken today.,Sadness
Our team went to college today.,Neutral
The teacher lost patience today.,Anger
My sister achieved a goal today.,Joy
My friend felt left out today.,Sadness
My brother received an unexpected gift today.,Surprise
The employee valued a friendship today.,Love
I passed the exam today.,Joy
The employee won a competition today.,Joy
The employee saw something unbelievable today.,Surprise
My friend worried about the interview today.,Fear
My friend reviewed the information today.,Neutral
My sister lost something important today.,Sadness
I received an unexpected gift today.,Surprise
The employee was amazed by the result today.,Surprise
My brother had a wonderful day today.,Joy
I went to college today.,Neutral
I could not believe the outcome today.,Surprise
The teacher experienced a surprise today.,Surprise
The student cared deeply for someone today.,Love
The teacher felt lonely today.,Sadness
The student achieved a goal today.,Joy
My friend could not believe the outcome today.,Surprise
The student felt loved today.,Love
I felt heartbroken today.,Sadness
I valued a friendship today.,Love
I could not believe the outcome today.,Surprise
The student was treated unfairly today.,Anger
Our team expressed affection today.,Love
Our team completed the assignment today.,Neutral
The employee updated the document today.,Neutral
My friend felt grateful for loved ones today.,Love
My sister could not believe the outcome today.,Surprise
My friend achieved a goal today.,Joy
The student enjoyed time with family today.,Love
The teacher missed a loved one today.,Sadness
My sister won a competition today.,Joy
The student valued a friendship today.,Love
The teacher lost patience today.,Anger
The student completed the assignment today.,Neutral
My sister feared the outcome today.,Fear
My sister cared deeply for someone today.,Love
My friend completed a project today.,Joy
My brother found an unexpected opportunity today.,Surprise
My friend became very angry today.,Anger
I worried about the interview today.,Fear
My brother felt left out today.,Sadness
Our team felt uncertain today.,Fear
I felt uncertain today.,Fear
The student felt grateful for loved ones today.,Love
I showed kindness today.,Love
The employee expressed affection today.,Love
The student submitted the report today.,Neutral
Our team completed a project today.,Joy
My brother was upset by the decision today.,Anger
My friend enjoyed time with family today.,Love
My brother felt heartbroken today.,Sadness
My sister felt nervous about the exam today.,Fear
My friend expressed affection today.,Love
The student feared the outcome today.,Fear
My brother finished the task today.,Neutral
The student was afraid of failing today.,Fear
My brother enjoyed time with family today.,Love
My brother received an unexpected gift today.,Surprise
My brother was disappointed today.,Sadness
The employee updated the document today.,Neutral
My friend felt left out today.,Sadness
I experienced a surprise today.,Surprise
The student submitted the report today.,Neutral
The employee cared deeply for someone today.,Love
My friend attended the meeting today.,Neutral
My brother was scared of the result today.,Fear
The teacher felt anxious today.,Fear
My friend submitted the report today.,Neutral
The employee got annoyed today.,Anger
The teacher was afraid of failing today.,Fear
The teacher experienced a surprise today.,Surprise
My brother felt frustrated today.,Anger
I could not believe the outcome today.,Surprise
I felt anxious today.,Fear
The teacher was afraid of failing today.,Fear
The teacher won a competition today.,Joy
My friend passed the exam today.,Joy
The teacher argued about the issue today.,Anger
My sister heard shocking news today.,Surprise
I felt lonely today.,Sadness
The teacher achieved a goal today.,Joy
Our team saw something unbelievable today.,Surprise
The employee submitted the report today.,Neutral
The student checked the schedule today.,Neutral
My brother received bad news today.,Sadness
The employee felt heartbroken today.,Sadness
My friend was upset by the decision today.,Anger
I was treated unfairly today.,Anger
Our team received good news today.,Joy
The employee felt nervous about the exam today.,Fear
I saw something unbelievable today.,Surprise
My brother went to college today.,Neutral
My sister felt heartbroken today.,Sadness
The employee missed a loved one today.,Sadness
The student finished the task today.,Neutral
I had a wonderful day today.,Joy
The teacher was scared of the result today.,Fear
The student became very angry today.,Anger
Our team became very angry today.,Anger
